"source_relative_path","source_extension","category","staging_kind","unity_path","bytes"
"datan/music/track01.mp3",".mp3","Music","full_music_source","Assets/Audio/Nova1492/SourceAudio/Music/track01.mp3","2953010"
"datan/music/track02.mp3",".mp3","Music","full_music_source","Assets/Audio/Nova1492/SourceAudio/Music/track02.mp3","4421632"
"datan/music/track03.mp3",".mp3","Music","full_music_source","Assets/Audio/Nova1492/SourceAudio/Music/track03.mp3","2672640"
"datan/music/track04.mp3",".mp3","Music","full_music_source","Assets/Audio/Nova1492/SourceAudio/Music/track04.mp3","5025251"
"datan/music/track05.mp3",".mp3","Music","full_music_source","Assets/Audio/Nova1492/SourceAudio/Music/track05.mp3","3379200"
"datan/music/track06.mp3",".mp3","Music","full_music_source","Assets/Audio/Nova1492/SourceAudio/Music/track06.mp3","4631534"
"datan/music/track07.mp3",".mp3","Music","full_music_source","Assets/Audio/Nova1492/SourceAudio/Music/track07.mp3","4328931"
"datan/music/track08.mp3",".mp3","Music","full_music_source","Assets/Audio/Nova1492/SourceAudio/Music/track08.mp3","1876347"
"datan/music/track09.mp3",".mp3","Music","full_music_source","Assets/Audio/Nova1492/SourceAudio/Music/track09.mp3","5341184"
"datan/music/track10.mp3",".mp3","Music","full_music_source","Assets/Audio/Nova1492/SourceAudio/Music/track10.mp3","5028595"
"datan/music/track11.mp3",".mp3","Music","full_music_source","Assets/Audio/Nova1492/SourceAudio/Music/track11.mp3","2127872"
"datan/music/track12.mp3",".mp3","Music","full_music_source","Assets/Audio/Nova1492/SourceAudio/Music/track12.mp3","2078720"
"datan/music/track13.mp3",".mp3","Music","full_music_source","Assets/Audio/Nova1492/SourceAudio/Music/track13.mp3","2623488"
"datan/sound/alarm.wav",".wav","AlertsAndSystem","full_sfx_source","Assets/Audio/Nova1492/SourceAudio/Sfx/AlertsAndSystem/alarm.wav","10956"
"datan/sound/effect_end.wav",".wav","AlertsAndSystem","full_sfx_source","Assets/Audio/Nova1492/SourceAudio/Sfx/AlertsAndSystem/effect_end.wav","724"
"datan/sound/effect_start.wav",".wav","AlertsAndSystem","full_sfx_source","Assets/Audio/Nova1492/SourceAudio/Sfx/AlertsAndSystem/effect_start.wav","724"
"datan/sound/o_voice_end.wav",".wav","AlertsAndSystem","full_sfx_source","Assets/Audio/Nova1492/SourceAudio/Sfx/AlertsAndSystem/o_voice_end.wav","724"
"datan/sound/o_voice_start.wav",".wav","AlertsAndSystem","full_sfx_source","Assets/Audio/Nova1492/SourceAudio/Sfx/AlertsAndSystem/o_voice_start.wav","724"
"datan/sound/o1_voice_end.wav",".wav","AlertsAndSystem","full_sfx_source","Assets/Audio/Nova1492/SourceAudio/Sfx/AlertsAndSystem/o1_voice_end.wav","724"
"datan/sound/o1_voice_start.wav",".wav","AlertsAndSystem","full_sfx_source","Assets/Audio/Nova1492/SourceAudio/Sfx/AlertsAndSystem/o1_voice_start.wav","724"
"datan/sound/o2_voice_end.wav",".wav","AlertsAndSystem","full_sfx_source","Assets/Audio/Nova1492/SourceAudio/Sfx/AlertsAndSystem/o2_voice_end.wav","724"
"datan/sound/o2_voice_start.wav",".wav","AlertsAndSystem","full_sfx_source","Assets/Audio/Nova1492/SourceAudio/Sfx/AlertsAndSystem/o2_voice_start.wav","724"
"datan/sound/p_captin_end.wav",".wav","AlertsAndSystem","full_sfx_source","Assets/Audio/Nova1492/SourceAudio/Sfx/AlertsAndSystem/p_captin_end.wav","724"
"datan/sound/p_captin_start.wav",".wav","AlertsAndSystem","full_sfx_source","Assets/Audio/Nova1492/SourceAudio/Sfx/AlertsAndSystem/p_captin_start.wav","724"
"datan/sound/p_chick_end.wav",".wav","AlertsAndSystem","full_sfx_source","Assets/Audio/Nova1492/SourceAudio/Sfx/AlertsAndSystem/p_chick_end.wav","724"
"datan/sound/p_chick_start.wav",".wav","AlertsAndSystem","full_sfx_source","Assets/Audio/Nova1492/SourceAudio/Sfx/AlertsAndSystem/p_chick_start.wav","724"
"datan/sound/p_fox_end.wav",".wav","AlertsAndSystem","full_sfx_source","Assets/Audio/Nova1492/SourceAudio/Sfx/AlertsAndSystem/p_fox_end.wav","724"
"datan/sound/p_fox_start.wav",".wav","AlertsAndSystem","full_sfx_source","Assets/Audio/Nova1492/SourceAudio/Sfx/AlertsAndSystem/p_fox_start.wav","724"
"datan/sound/p_guy_end.wav",".wav","AlertsAndSystem","full_sfx_source","Assets/Audio/Nova1492/SourceAudio/Sfx/AlertsAndSystem/p_guy_end.wav","724"
"datan/sound/p_guy_start.wav",".wav","AlertsAndSystem","full_sfx_source","Assets/Audio/Nova1492/SourceAudio/Sfx/AlertsAndSystem/p_guy_start.wav","724"
"datan/sound/p_lamia_end.wav",".wav","AlertsAndSystem","full_sfx_source","Assets/Audio/Nova1492/SourceAudio/Sfx/AlertsAndSystem/p_lamia_end.wav","724"
"datan/sound/p_lamia_start.wav",".wav","AlertsAndSystem","full_sfx_source","Assets/Audio/Nova1492/SourceAudio/Sfx/AlertsAndSystem/p_lamia_start.wav","724"
"datan/sound/p_moduk_end.wav",".wav","AlertsAndSystem","full_sfx_source","Assets/Audio/Nova1492/SourceAudio/Sfx/AlertsAndSystem/p_moduk_end.wav","724"
"datan/sound/p_moduk_start.wav",".wav","AlertsAndSystem","full_sfx_source","Assets/Audio/Nova1492/SourceAudio/Sfx/AlertsAndSystem/p_moduk_start.wav","724"
"datan/sound/p_prof_end.wav",".wav","AlertsAndSystem","full_sfx_source","Assets/Audio/Nova1492/SourceAudio/Sfx/AlertsAndSystem/p_prof_end.wav","724"
"datan/sound/p_prof_start.wav",".wav","AlertsAndSystem","full_sfx_source","Assets/Audio/Nova1492/SourceAudio/Sfx/AlertsAndSystem/p_prof_start.wav","724"
"datan/sound/p_stone_end.wav",".wav","AlertsAndSystem","full_sfx_source","Assets/Audio/Nova1492/SourceAudio/Sfx/AlertsAndSystem/p_stone_end.wav","724"
"datan/sound/p_stone_start.wav",".wav","AlertsAndSystem","full_sfx_source","Assets/Audio/Nova1492/SourceAudio/Sfx/AlertsAndSystem/p_stone_start.wav","724"
"datan/sound/p_tank_end.wav",".wav","AlertsAndSystem","full_sfx_source","Assets/Audio/Nova1492/SourceAudio/Sfx/AlertsAndSystem/p_tank_end.wav","724"
"datan/sound/p_tank_start.wav",".wav","AlertsAndSystem","full_sfx_source","Assets/Audio/Nova1492/SourceAudio/Sfx/AlertsAndSystem/p_tank_start.wav","724"
"datan/sound/p_voice_end.wav",".wav","AlertsAndSystem","full_sfx_source","Assets/Audio/Nova1492/SourceAudio/Sfx/AlertsAndSystem/p_voice_end.wav","724"
"datan/sound/p_voice_start.wav",".wav","AlertsAndSystem","full_sfx_source","Assets/Audio/Nova1492/SourceAudio/Sfx/AlertsAndSystem/p_voice_start.wav","724"
"datan/sound/airBUexplode.wav",".wav","Combat/Explosions","full_sfx_source","Assets/Audio/Nova1492/SourceAudio/Sfx/Combat/Explosions/airBUexplode.wav","43717"
"datan/sound/baseExplode.wav",".wav","Combat/Explosions","full_sfx_source","Assets/Audio/Nova1492/SourceAudio/Sfx/Combat/Explosions/baseExplode.wav","72108"
"datan/sound/buExplode.wav",".wav","Combat/Explosions","full_sfx_source","Assets/Audio/Nova1492/SourceAudio/Sfx/Combat/Explosions/buExplode.wav","48172"
"datan/sound/Explode.wav",".wav","Combat/Explosions","full_sfx_source","Assets/Audio/Nova1492/SourceAudio/Sfx/Combat/Explosions/Explode.wav","15071"
"datan/sound/a-amoregun.wav",".wav","Combat/Weapons","full_sfx_source","Assets/Audio/Nova1492/SourceAudio/Sfx/Combat/Weapons/a-amoregun.wav","11264"
"datan/sound/a-anuai.wav",".wav","Combat/Weapons","full_sfx_source","Assets/Audio/Nova1492/SourceAudio/Sfx/Combat/Weapons/a-anuai.wav","6262"
"datan/sound/a-barrel.wav",".wav","Combat/Weapons","full_sfx_source","Assets/Audio/Nova1492/SourceAudio/Sfx/Combat/Weapons/a-barrel.wav","6354"
"datan/sound/a-basilisk.wav",".wav","Combat/Weapons","full_sfx_source","Assets/Audio/Nova1492/SourceAudio/Sfx/Combat/Weapons/a-basilisk.wav","27236"
"datan/sound/a-bazuka.wav",".wav","Combat/Weapons","full_sfx_source","Assets/Audio/Nova1492/SourceAudio/Sfx/Combat/Weapons/a-bazuka.wav","17812"
"datan/sound/a-burningsoul.wav",".wav","Combat/Weapons","full_sfx_source","Assets/Audio/Nova1492/SourceAudio/Sfx/Combat/Weapons/a-burningsoul.wav","31788"
"datan/sound/a-canister.wav",".wav","Combat/Weapons","full_sfx_source","Assets/Audio/Nova1492/SourceAudio/Sfx/Combat/Weapons/a-canister.wav","11778"
"datan/sound/a-cluster.wav",".wav","Combat/Weapons","full_sfx_source","Assets/Audio/Nova1492/SourceAudio/Sfx/Combat/Weapons/a-cluster.wav","13468"
"datan/sound/a-demisiege.wav",".wav","Combat/Weapons","full_sfx_source","Assets/Audio/Nova1492/SourceAudio/Sfx/Combat/Weapons/a-demisiege.wav","92386"
"datan/sound/a-devilclaw.wav",".wav","Combat/Weapons","full_sfx_source","Assets/Audio/Nova1492/SourceAudio/Sfx/Combat/Weapons/a-devilclaw.wav","12556"
"datan/sound/a-dualgun.wav",".wav","Combat/Weapons","full_sfx_source","Assets/Audio/Nova1492/SourceAudio/Sfx/Combat/Weapons/a-dualgun.wav","12834"
"datan/sound/a-freezingsoul.wav",".wav","Combat/Weapons","full_sfx_source","Assets/Audio/Nova1492/SourceAudio/Sfx/Combat/Weapons/a-freezingsoul.wav","35038"
"datan/sound/a-hammershock.wav",".wav","Combat/Weapons","full_sfx_source","Assets/Audio/Nova1492/SourceAudio/Sfx/Combat/Weapons/a-hammershock.wav","8818"
"datan/sound/a-handcannon.wav",".wav","Combat/Weapons","full_sfx_source","Assets/Audio/Nova1492/SourceAudio/Sfx/Combat/Weapons/a-handcannon.wav","12200"
"datan/sound/a-heavybarrel.wav",".wav","Combat/Weapons","full_sfx_source","Assets/Audio/Nova1492/SourceAudio/Sfx/Combat/Weapons/a-heavybarrel.wav","11118"
"datan/sound/a-heavysiege.wav",".wav","Combat/Weapons","full_sfx_source","Assets/Audio/Nova1492/SourceAudio/Sfx/Combat/Weapons/a-heavysiege.wav","21611"
"datan/sound/a-laser.wav",".wav","Combat/Weapons","full_sfx_source","Assets/Audio/Nova1492/SourceAudio/Sfx/Combat/Weapons/a-laser.wav","14620"
"datan/sound/a-machinegun.wav",".wav","Combat/Weapons","full_sfx_source","Assets/Audio/Nova1492/SourceAudio/Sfx/Combat/Weapons/a-machinegun.wav","16382"
"datan/sound/a-megabarrel.wav",".wav","Combat/Weapons","full_sfx_source","Assets/Audio/Nova1492/SourceAudio/Sfx/Combat/Weapons/a-megabarrel.wav","7570"
"datan/sound/a-mob201.wav",".wav","Combat/Weapons","full_sfx_source","Assets/Audio/Nova1492/SourceAudio/Sfx/Combat/Weapons/a-mob201.wav","14764"
"datan/sound/a-mob202.wav",".wav","Combat/Weapons","full_sfx_source","Assets/Audio/Nova1492/SourceAudio/Sfx/Combat/Weapons/a-mob202.wav","16708"
"datan/sound/a-mob203.wav",".wav","Combat/Weapons","full_sfx_source","Assets/Audio/Nova1492/SourceAudio/Sfx/Combat/Weapons/a-mob203.wav","9012"
"datan/sound/a-mob204.wav",".wav","Combat/Weapons","full_sfx_source","Assets/Audio/Nova1492/SourceAudio/Sfx/Combat/Weapons/a-mob204.wav","12834"
"datan/sound/a-mob205.wav",".wav","Combat/Weapons","full_sfx_source","Assets/Audio/Nova1492/SourceAudio/Sfx/Combat/Weapons/a-mob205.wav","14662"
"datan/sound/a-mob206.wav",".wav","Combat/Weapons","full_sfx_source","Assets/Audio/Nova1492/SourceAudio/Sfx/Combat/Weapons/a-mob206.wav","10956"
"datan/sound/a-mob207.wav",".wav","Combat/Weapons","full_sfx_source","Assets/Audio/Nova1492/SourceAudio/Sfx/Combat/Weapons/a-mob207.wav","16788"
"datan/sound/a-mob208.wav",".wav","Combat/Weapons","full_sfx_source","Assets/Audio/Nova1492/SourceAudio/Sfx/Combat/Weapons/a-mob208.wav","17812"
"datan/sound/a-mob209.wav",".wav","Combat/Weapons","full_sfx_source","Assets/Audio/Nova1492/SourceAudio/Sfx/Combat/Weapons/a-mob209.wav","16708"
"datan/sound/a-mob210.wav",".wav","Combat/Weapons","full_sfx_source","Assets/Audio/Nova1492/SourceAudio/Sfx/Combat/Weapons/a-mob210.wav","6354"
"datan/sound/a-mob211.wav",".wav","Combat/Weapons","full_sfx_source","Assets/Audio/Nova1492/SourceAudio/Sfx/Combat/Weapons/a-mob211.wav","12834"
"datan/sound/a-mob212.wav",".wav","Combat/Weapons","full_sfx_source","Assets/Audio/Nova1492/SourceAudio/Sfx/Combat/Weapons/a-mob212.wav","17914"
"datan/sound/a-mob213.wav",".wav","Combat/Weapons","full_sfx_source","Assets/Audio/Nova1492/SourceAudio/Sfx/Combat/Weapons/a-mob213.wav","14662"
"datan/sound/a-mob214.wav",".wav","Combat/Weapons","full_sfx_source","Assets/Audio/Nova1492/SourceAudio/Sfx/Combat/Weapons/a-mob214.wav","11188"
"datan/sound/a-mob215.wav",".wav","Combat/Weapons","full_sfx_source","Assets/Audio/Nova1492/SourceAudio/Sfx/Combat/Weapons/a-mob215.wav","16788"
"datan/sound/a-mob216.wav",".wav","Combat/Weapons","full_sfx_source","Assets/Audio/Nova1492/SourceAudio/Sfx/Combat/Weapons/a-mob216.wav","14504"
"datan/sound/a-mob217.wav",".wav","Combat/Weapons","full_sfx_source","Assets/Audio/Nova1492/SourceAudio/Sfx/Combat/Weapons/a-mob217.wav","17812"
"datan/sound/a-mob218.wav",".wav","Combat/Weapons","full_sfx_source","Assets/Audio/Nova1492/SourceAudio/Sfx/Combat/Weapons/a-mob218.wav","14384"
"datan/sound/a-mob219.wav",".wav","Combat/Weapons","full_sfx_source","Assets/Audio/Nova1492/SourceAudio/Sfx/Combat/Weapons/a-mob219.wav","17914"
"datan/sound/a-mob220.wav",".wav","Combat/Weapons","full_sfx_source","Assets/Audio/Nova1492/SourceAudio/Sfx/Combat/Weapons/a-mob220.wav","11188"
"datan/sound/a-mob221.wav",".wav","Combat/Weapons","full_sfx_source","Assets/Audio/Nova1492/SourceAudio/Sfx/Combat/Weapons/a-mob221.wav","14504"
"datan/sound/a-mob222.wav",".wav","Combat/Weapons","full_sfx_source","Assets/Audio/Nova1492/SourceAudio/Sfx/Combat/Weapons/a-mob222.wav","14384"
"datan/sound/a-mob223.wav",".wav","Combat/Weapons","full_sfx_source","Assets/Audio/Nova1492/SourceAudio/Sfx/Combat/Weapons/a-mob223.wav","22892"
"datan/sound/a-mob225.wav",".wav","Combat/Weapons","full_sfx_source","Assets/Audio/Nova1492/SourceAudio/Sfx/Combat/Weapons/a-mob225.wav","92386"
"datan/sound/a-multishotgun.wav",".wav","Combat/Weapons","full_sfx_source","Assets/Audio/Nova1492/SourceAudio/Sfx/Combat/Weapons/a-multishotgun.wav","31020"
"datan/sound/a-nemesiege.wav",".wav","Combat/Weapons","full_sfx_source","Assets/Audio/Nova1492/SourceAudio/Sfx/Combat/Weapons/a-nemesiege.wav","35920"
"datan/sound/a-onix.wav",".wav","Combat/Weapons","full_sfx_source","Assets/Audio/Nova1492/SourceAudio/Sfx/Combat/Weapons/a-onix.wav","21632"
"datan/sound/a-phalangs.wav",".wav","Combat/Weapons","full_sfx_source","Assets/Audio/Nova1492/SourceAudio/Sfx/Combat/Weapons/a-phalangs.wav","25574"
"datan/sound/a-proulics.wav",".wav","Combat/Weapons","full_sfx_source","Assets/Audio/Nova1492/SourceAudio/Sfx/Combat/Weapons/a-proulics.wav","9302"
"datan/sound/a-recoilgun.wav",".wav","Combat/Weapons","full_sfx_source","Assets/Audio/Nova1492/SourceAudio/Sfx/Combat/Weapons/a-recoilgun.wav","17812"
"datan/sound/a-rocketier.wav",".wav","Combat/Weapons","full_sfx_source","Assets/Audio/Nova1492/SourceAudio/Sfx/Combat/Weapons/a-rocketier.wav","17898"
"datan/sound/a-saramanda.wav",".wav","Combat/Weapons","full_sfx_source","Assets/Audio/Nova1492/SourceAudio/Sfx/Combat/Weapons/a-saramanda.wav","5578"
"datan/sound/a-scorpio.wav",".wav","Combat/Weapons","full_sfx_source","Assets/Audio/Nova1492/SourceAudio/Sfx/Combat/Weapons/a-scorpio.wav","27982"
"datan/sound/a-shockwave.wav",".wav","Combat/Weapons","full_sfx_source","Assets/Audio/Nova1492/SourceAudio/Sfx/Combat/Weapons/a-shockwave.wav","12310"
"datan/sound/a-shootingstar.wav",".wav","Combat/Weapons","full_sfx_source","Assets/Audio/Nova1492/SourceAudio/Sfx/Combat/Weapons/a-shootingstar.wav","8322"
"datan/sound/a-siege.wav",".wav","Combat/Weapons","full_sfx_source","Assets/Audio/Nova1492/SourceAudio/Sfx/Combat/Weapons/a-siege.wav","63182"
"datan/sound/a-skykiller.wav",".wav","Combat/Weapons","full_sfx_source","Assets/Audio/Nova1492/SourceAudio/Sfx/Combat/Weapons/a-skykiller.wav","17362"
"datan/sound/a-spitfire.wav",".wav","Combat/Weapons","full_sfx_source","Assets/Audio/Nova1492/SourceAudio/Sfx/Combat/Weapons/a-spitfire.wav","14490"
"datan/sound/a-sticks.wav",".wav","Combat/Weapons","full_sfx_source","Assets/Audio/Nova1492/SourceAudio/Sfx/Combat/Weapons/a-sticks.wav","17692"
"datan/sound/a-thundervolt.wav",".wav","Combat/Weapons","full_sfx_source","Assets/Audio/Nova1492/SourceAudio/Sfx/Combat/Weapons/a-thundervolt.wav","12556"
"datan/sound/a-vulcan.wav",".wav","Combat/Weapons","full_sfx_source","Assets/Audio/Nova1492/SourceAudio/Sfx/Combat/Weapons/a-vulcan.wav","16470"
"datan/sound/d-amoregun.wav",".wav","Combat/Weapons","full_sfx_source","Assets/Audio/Nova1492/SourceAudio/Sfx/Combat/Weapons/d-amoregun.wav","13994"
"datan/sound/d-barrel.wav",".wav","Combat/Weapons","full_sfx_source","Assets/Audio/Nova1492/SourceAudio/Sfx/Combat/Weapons/d-barrel.wav","15071"
"datan/sound/d-bazuka.wav",".wav","Combat/Weapons","full_sfx_source","Assets/Audio/Nova1492/SourceAudio/Sfx/Combat/Weapons/d-bazuka.wav","15071"
"datan/sound/d-burningsoul.wav",".wav","Combat/Weapons","full_sfx_source","Assets/Audio/Nova1492/SourceAudio/Sfx/Combat/Weapons/d-burningsoul.wav","11652"
"datan/sound/d-demisiege.wav",".wav","Combat/Weapons","full_sfx_source","Assets/Audio/Nova1492/SourceAudio/Sfx/Combat/Weapons/d-demisiege.wav","15071"
"datan/sound/d-devilclaw.wav",".wav","Combat/Weapons","full_sfx_source","Assets/Audio/Nova1492/SourceAudio/Sfx/Combat/Weapons/d-devilclaw.wav","88318"
"datan/sound/d-dualgun.wav",".wav","Combat/Weapons","full_sfx_source","Assets/Audio/Nova1492/SourceAudio/Sfx/Combat/Weapons/d-dualgun.wav","15071"
"datan/sound/d-freezingsoul.wav",".wav","Combat/Weapons","full_sfx_source","Assets/Audio/Nova1492/SourceAudio/Sfx/Combat/Weapons/d-freezingsoul.wav","11652"
"datan/sound/d-hammershock.wav",".wav","Combat/Weapons","full_sfx_source","Assets/Audio/Nova1492/SourceAudio/Sfx/Combat/Weapons/d-hammershock.wav","15071"
"datan/sound/d-handcannon.wav",".wav","Combat/Weapons","full_sfx_source","Assets/Audio/Nova1492/SourceAudio/Sfx/Combat/Weapons/d-handcannon.wav","17288"
"datan/sound/d-heavybarrel.wav",".wav","Combat/Weapons","full_sfx_source","Assets/Audio/Nova1492/SourceAudio/Sfx/Combat/Weapons/d-heavybarrel.wav","15071"
"datan/sound/d-heavysiege.wav",".wav","Combat/Weapons","full_sfx_source","Assets/Audio/Nova1492/SourceAudio/Sfx/Combat/Weapons/d-heavysiege.wav","15071"
"datan/sound/d-laser.wav",".wav","Combat/Weapons","full_sfx_source","Assets/Audio/Nova1492/SourceAudio/Sfx/Combat/Weapons/d-laser.wav","15596"
"datan/sound/d-machinegun.wav",".wav","Combat/Weapons","full_sfx_source","Assets/Audio/Nova1492/SourceAudio/Sfx/Combat/Weapons/d-machinegun.wav","13994"
"datan/sound/d-megabarrel.wav",".wav","Combat/Weapons","full_sfx_source","Assets/Audio/Nova1492/SourceAudio/Sfx/Combat/Weapons/d-megabarrel.wav","15071"
"datan/sound/d-multishotgun.wav",".wav","Combat/Weapons","full_sfx_source","Assets/Audio/Nova1492/SourceAudio/Sfx/Combat/Weapons/d-multishotgun.wav","15071"
"datan/sound/d-nemesiege.wav",".wav","Combat/Weapons","full_sfx_source","Assets/Audio/Nova1492/SourceAudio/Sfx/Combat/Weapons/d-nemesiege.wav","41660"
"datan/sound/d-recoilgun.wav",".wav","Combat/Weapons","full_sfx_source","Assets/Audio/Nova1492/SourceAudio/Sfx/Combat/Weapons/d-recoilgun.wav","15071"
"datan/sound/d-rocketier.wav",".wav","Combat/Weapons","full_sfx_source","Assets/Audio/Nova1492/SourceAudio/Sfx/Combat/Weapons/d-rocketier.wav","32446"
"datan/sound/d-shockwave.wav",".wav","Combat/Weapons","full_sfx_source","Assets/Audio/Nova1492/SourceAudio/Sfx/Combat/Weapons/d-shockwave.wav","9874"
"datan/sound/d-siege.wav",".wav","Combat/Weapons","full_sfx_source","Assets/Audio/Nova1492/SourceAudio/Sfx/Combat/Weapons/d-siege.wav","41660"
"datan/sound/d-spitfire.wav",".wav","Combat/Weapons","full_sfx_source","Assets/Audio/Nova1492/SourceAudio/Sfx/Combat/Weapons/d-spitfire.wav","88318"
"datan/sound/d-spitfire2.wav",".wav","Combat/Weapons","full_sfx_source","Assets/Audio/Nova1492/SourceAudio/Sfx/Combat/Weapons/d-spitfire2.wav","32590"
"datan/sound/fire.wav",".wav","Combat/Weapons","full_sfx_source","Assets/Audio/Nova1492/SourceAudio/Sfx/Combat/Weapons/fire.wav","87804"
"datan/sound/o1_base_attack.wav",".wav","Combat/Weapons","full_sfx_source","Assets/Audio/Nova1492/SourceAudio/Sfx/Combat/Weapons/o1_base_attack.wav","41252"
"datan/sound/o1_force_attack.wav",".wav","Combat/Weapons","full_sfx_source","Assets/Audio/Nova1492/SourceAudio/Sfx/Combat/Weapons/o1_force_attack.wav","33932"
"datan/sound/o2_base_attack.wav",".wav","Combat/Weapons","full_sfx_source","Assets/Audio/Nova1492/SourceAudio/Sfx/Combat/Weapons/o2_base_attack.wav","43372"
"datan/sound/o2_force_attack.wav",".wav","Combat/Weapons","full_sfx_source","Assets/Audio/Nova1492/SourceAudio/Sfx/Combat/Weapons/o2_force_attack.wav","37348"
"datan/sound/skill_Freeze.wav",".wav","Combat/Weapons","full_sfx_source","Assets/Audio/Nova1492/SourceAudio/Sfx/Combat/Weapons/skill_Freeze.wav","88318"
"datan/sound/ballExplose.WAV",".wav","Misc","full_sfx_source","Assets/Audio/Nova1492/SourceAudio/Sfx/Misc/ballExplose.WAV","12778"
"datan/sound/d-anuai.wav",".wav","Misc","full_sfx_source","Assets/Audio/Nova1492/SourceAudio/Sfx/Misc/d-anuai.wav","6670"
"datan/sound/d-basilisk.wav",".wav","Misc","full_sfx_source","Assets/Audio/Nova1492/SourceAudio/Sfx/Misc/d-basilisk.wav","55662"
"datan/sound/d-canister.wav",".wav","Misc","full_sfx_source","Assets/Audio/Nova1492/SourceAudio/Sfx/Misc/d-canister.wav","15071"
"datan/sound/d-cluster.wav",".wav","Misc","full_sfx_source","Assets/Audio/Nova1492/SourceAudio/Sfx/Misc/d-cluster.wav","15071"
"datan/sound/d-generalsplash.wav",".wav","Misc","full_sfx_source","Assets/Audio/Nova1492/SourceAudio/Sfx/Misc/d-generalsplash.wav","15071"
"datan/sound/dingdong.WAV",".wav","Misc","full_sfx_source","Assets/Audio/Nova1492/SourceAudio/Sfx/Misc/dingdong.WAV","95708"
"datan/sound/d-onix.wav",".wav","Misc","full_sfx_source","Assets/Audio/Nova1492/SourceAudio/Sfx/Misc/d-onix.wav","17932"
"datan/sound/d-phalangs.wav",".wav","Misc","full_sfx_source","Assets/Audio/Nova1492/SourceAudio/Sfx/Misc/d-phalangs.wav","13994"
"datan/sound/d-proulics.wav",".wav","Misc","full_sfx_source","Assets/Audio/Nova1492/SourceAudio/Sfx/Misc/d-proulics.wav","32446"
"datan/sound/d-saramanda.wav",".wav","Misc","full_sfx_source","Assets/Audio/Nova1492/SourceAudio/Sfx/Misc/d-saramanda.wav","32446"
"datan/sound/d-scorpio.wav",".wav","Misc","full_sfx_source","Assets/Audio/Nova1492/SourceAudio/Sfx/Misc/d-scorpio.wav","11652"
"datan/sound/d-shootingstar.wav",".wav","Misc","full_sfx_source","Assets/Audio/Nova1492/SourceAudio/Sfx/Misc/d-shootingstar.wav","15071"
"datan/sound/d-skykiller.wav",".wav","Misc","full_sfx_source","Assets/Audio/Nova1492/SourceAudio/Sfx/Misc/d-skykiller.wav","15596"
"datan/sound/d-sticks.wav",".wav","Misc","full_sfx_source","Assets/Audio/Nova1492/SourceAudio/Sfx/Misc/d-sticks.wav","11652"
"datan/sound/d-thundervolt.wav",".wav","Misc","full_sfx_source","Assets/Audio/Nova1492/SourceAudio/Sfx/Misc/d-thundervolt.wav","88318"
"datan/sound/d-thundervolt2.wav",".wav","Misc","full_sfx_source","Assets/Audio/Nova1492/SourceAudio/Sfx/Misc/d-thundervolt2.wav","88318"
"datan/sound/d-tower.wav",".wav","Misc","full_sfx_source","Assets/Audio/Nova1492/SourceAudio/Sfx/Misc/d-tower.wav","15071"
"datan/sound/d-towerground.wav",".wav","Misc","full_sfx_source","Assets/Audio/Nova1492/SourceAudio/Sfx/Misc/d-towerground.wav","15071"
"datan/sound/d-towersky.wav",".wav","Misc","full_sfx_source","Assets/Audio/Nova1492/SourceAudio/Sfx/Misc/d-towersky.wav","15071"
"datan/sound/d-vulcan.wav",".wav","Misc","full_sfx_source","Assets/Audio/Nova1492/SourceAudio/Sfx/Misc/d-vulcan.wav","13994"
"datan/sound/o1_lack_watt.wav",".wav","Misc","full_sfx_source","Assets/Audio/Nova1492/SourceAudio/Sfx/Misc/o1_lack_watt.wav","27258"
"datan/sound/o1_over_finish.wav",".wav","Misc","full_sfx_source","Assets/Audio/Nova1492/SourceAudio/Sfx/Misc/o1_over_finish.wav","44028"
"datan/sound/o1_set_rally.wav",".wav","Misc","full_sfx_source","Assets/Audio/Nova1492/SourceAudio/Sfx/Misc/o1_set_rally.wav","32872"
"datan/sound/o1_watt_full.wav",".wav","Misc","full_sfx_source","Assets/Audio/Nova1492/SourceAudio/Sfx/Misc/o1_watt_full.wav","39244"
"datan/sound/o1_watt_max.wav",".wav","Misc","full_sfx_source","Assets/Audio/Nova1492/SourceAudio/Sfx/Misc/o1_watt_max.wav","52268"
"datan/sound/o2_lack_watt.wav",".wav","Misc","full_sfx_source","Assets/Audio/Nova1492/SourceAudio/Sfx/Misc/o2_lack_watt.wav","29270"
"datan/sound/o2_over_finish.wav",".wav","Misc","full_sfx_source","Assets/Audio/Nova1492/SourceAudio/Sfx/Misc/o2_over_finish.wav","50464"
"datan/sound/o2_set_rally.wav",".wav","Misc","full_sfx_source","Assets/Audio/Nova1492/SourceAudio/Sfx/Misc/o2_set_rally.wav","35620"
"datan/sound/o2_watt_full.wav",".wav","Misc","full_sfx_source","Assets/Audio/Nova1492/SourceAudio/Sfx/Misc/o2_watt_full.wav","43784"
"datan/sound/o2_watt_max.wav",".wav","Misc","full_sfx_source","Assets/Audio/Nova1492/SourceAudio/Sfx/Misc/o2_watt_max.wav","60412"
"datan/sound/p_captin_a1.wav",".wav","Misc","full_sfx_source","Assets/Audio/Nova1492/SourceAudio/Sfx/Misc/p_captin_a1.wav","34508"
"datan/sound/p_captin_a2.wav",".wav","Misc","full_sfx_source","Assets/Audio/Nova1492/SourceAudio/Sfx/Misc/p_captin_a2.wav","36716"
"datan/sound/p_captin_a3.wav",".wav","Misc","full_sfx_source","Assets/Audio/Nova1492/SourceAudio/Sfx/Misc/p_captin_a3.wav","43308"
"datan/sound/p_captin_a4.wav",".wav","Misc","full_sfx_source","Assets/Audio/Nova1492/SourceAudio/Sfx/Misc/p_captin_a4.wav","39756"
"datan/sound/p_captin_a5.wav",".wav","Misc","full_sfx_source","Assets/Audio/Nova1492/SourceAudio/Sfx/Misc/p_captin_a5.wav","43308"
"datan/sound/p_captin_d1.wav",".wav","Misc","full_sfx_source","Assets/Audio/Nova1492/SourceAudio/Sfx/Misc/p_captin_d1.wav","67628"
"datan/sound/p_captin_h1.wav",".wav","Misc","full_sfx_source","Assets/Audio/Nova1492/SourceAudio/Sfx/Misc/p_captin_h1.wav","42252"
"datan/sound/p_captin_h2.wav",".wav","Misc","full_sfx_source","Assets/Audio/Nova1492/SourceAudio/Sfx/Misc/p_captin_h2.wav","34284"
"datan/sound/p_captin_o1.wav",".wav","Misc","full_sfx_source","Assets/Audio/Nova1492/SourceAudio/Sfx/Misc/p_captin_o1.wav","36460"
"datan/sound/p_captin_o2.wav",".wav","Misc","full_sfx_source","Assets/Audio/Nova1492/SourceAudio/Sfx/Misc/p_captin_o2.wav","43180"
"datan/sound/p_captin_o3.wav",".wav","Misc","full_sfx_source","Assets/Audio/Nova1492/SourceAudio/Sfx/Misc/p_captin_o3.wav","33484"
"datan/sound/p_captin_o4.wav",".wav","Misc","full_sfx_source","Assets/Audio/Nova1492/SourceAudio/Sfx/Misc/p_captin_o4.wav","30124"
"datan/sound/p_captin_o5.wav",".wav","Misc","full_sfx_source","Assets/Audio/Nova1492/SourceAudio/Sfx/Misc/p_captin_o5.wav","34540"
"datan/sound/p_captin_o6.wav",".wav","Misc","full_sfx_source","Assets/Audio/Nova1492/SourceAudio/Sfx/Misc/p_captin_o6.wav","32364"
"datan/sound/p_captin_o7.wav",".wav","Misc","full_sfx_source","Assets/Audio/Nova1492/SourceAudio/Sfx/Misc/p_captin_o7.wav","34220"
"datan/sound/p_captin_o8.wav",".wav","Misc","full_sfx_source","Assets/Audio/Nova1492/SourceAudio/Sfx/Misc/p_captin_o8.wav","54892"
"datan/sound/p_captin_o9.wav",".wav","Misc","full_sfx_source","Assets/Audio/Nova1492/SourceAudio/Sfx/Misc/p_captin_o9.wav","42252"
"datan/sound/p_captin_s1.wav",".wav","Misc","full_sfx_source","Assets/Audio/Nova1492/SourceAudio/Sfx/Misc/p_captin_s1.wav","42860"
"datan/sound/p_captin_s2.wav",".wav","Misc","full_sfx_source","Assets/Audio/Nova1492/SourceAudio/Sfx/Misc/p_captin_s2.wav","34620"
"datan/sound/p_captin_s3.wav",".wav","Misc","full_sfx_source","Assets/Audio/Nova1492/SourceAudio/Sfx/Misc/p_captin_s3.wav","36668"
"datan/sound/p_captin_s4.wav",".wav","Misc","full_sfx_source","Assets/Audio/Nova1492/SourceAudio/Sfx/Misc/p_captin_s4.wav","36668"
"datan/sound/p_captin_s5.wav",".wav","Misc","full_sfx_source","Assets/Audio/Nova1492/SourceAudio/Sfx/Misc/p_captin_s5.wav","34284"
"datan/sound/p_chick_a1.wav",".wav","Misc","full_sfx_source","Assets/Audio/Nova1492/SourceAudio/Sfx/Misc/p_chick_a1.wav","15532"
"datan/sound/p_chick_a2.wav",".wav","Misc","full_sfx_source","Assets/Audio/Nova1492/SourceAudio/Sfx/Misc/p_chick_a2.wav","37772"
"datan/sound/p_chick_a3.wav",".wav","Misc","full_sfx_source","Assets/Audio/Nova1492/SourceAudio/Sfx/Misc/p_chick_a3.wav","12876"
"datan/sound/p_chick_a4.wav",".wav","Misc","full_sfx_source","Assets/Audio/Nova1492/SourceAudio/Sfx/Misc/p_chick_a4.wav","12876"
"datan/sound/p_chick_a5.wav",".wav","Misc","full_sfx_source","Assets/Audio/Nova1492/SourceAudio/Sfx/Misc/p_chick_a5.wav","41228"
"datan/sound/p_chick_d1.wav",".wav","Misc","full_sfx_source","Assets/Audio/Nova1492/SourceAudio/Sfx/Misc/p_chick_d1.wav","51540"
"datan/sound/p_chick_h1.wav",".wav","Misc","full_sfx_source","Assets/Audio/Nova1492/SourceAudio/Sfx/Misc/p_chick_h1.wav","27324"
"datan/sound/p_chick_h2.wav",".wav","Misc","full_sfx_source","Assets/Audio/Nova1492/SourceAudio/Sfx/Misc/p_chick_h2.wav","35372"
"datan/sound/p_chick_o1.wav",".wav","Misc","full_sfx_source","Assets/Audio/Nova1492/SourceAudio/Sfx/Misc/p_chick_o1.wav","31948"
"datan/sound/p_chick_o2.wav",".wav","Misc","full_sfx_source","Assets/Audio/Nova1492/SourceAudio/Sfx/Misc/p_chick_o2.wav","27372"
"datan/sound/p_chick_o3.wav",".wav","Misc","full_sfx_source","Assets/Audio/Nova1492/SourceAudio/Sfx/Misc/p_chick_o3.wav","13988"
"datan/sound/p_chick_o4.wav",".wav","Misc","full_sfx_source","Assets/Audio/Nova1492/SourceAudio/Sfx/Misc/p_chick_o4.wav","26284"
"datan/sound/p_chick_o5.wav",".wav","Misc","full_sfx_source","Assets/Audio/Nova1492/SourceAudio/Sfx/Misc/p_chick_o5.wav","39804"
"datan/sound/p_chick_o6.wav",".wav","Misc","full_sfx_source","Assets/Audio/Nova1492/SourceAudio/Sfx/Misc/p_chick_o6.wav","39276"
"datan/sound/p_chick_o7.wav",".wav","Misc","full_sfx_source","Assets/Audio/Nova1492/SourceAudio/Sfx/Misc/p_chick_o7.wav","57100"
"datan/sound/p_chick_o8.wav",".wav","Misc","full_sfx_source","Assets/Audio/Nova1492/SourceAudio/Sfx/Misc/p_chick_o8.wav","63900"
"datan/sound/p_chick_o9.wav",".wav","Misc","full_sfx_source","Assets/Audio/Nova1492/SourceAudio/Sfx/Misc/p_chick_o9.wav","35372"
"datan/sound/p_chick_s1.wav",".wav","Misc","full_sfx_source","Assets/Audio/Nova1492/SourceAudio/Sfx/Misc/p_chick_s1.wav","35404"
"datan/sound/p_chick_s2.wav",".wav","Misc","full_sfx_source","Assets/Audio/Nova1492/SourceAudio/Sfx/Misc/p_chick_s2.wav","42444"
"datan/sound/p_chick_s3.wav",".wav","Misc","full_sfx_source","Assets/Audio/Nova1492/SourceAudio/Sfx/Misc/p_chick_s3.wav","38716"
"datan/sound/p_chick_s4.wav",".wav","Misc","full_sfx_source","Assets/Audio/Nova1492/SourceAudio/Sfx/Misc/p_chick_s4.wav","38716"
"datan/sound/p_chick_s5.wav",".wav","Misc","full_sfx_source","Assets/Audio/Nova1492/SourceAudio/Sfx/Misc/p_chick_s5.wav","27324"
"datan/sound/p_fox_a1.wav",".wav","Misc","full_sfx_source","Assets/Audio/Nova1492/SourceAudio/Sfx/Misc/p_fox_a1.wav","38612"
"datan/sound/p_fox_a2.wav",".wav","Misc","full_sfx_source","Assets/Audio/Nova1492/SourceAudio/Sfx/Misc/p_fox_a2.wav","52348"
"datan/sound/p_fox_a3.wav",".wav","Misc","full_sfx_source","Assets/Audio/Nova1492/SourceAudio/Sfx/Misc/p_fox_a3.wav","56748"
"datan/sound/p_fox_a4.wav",".wav","Misc","full_sfx_source","Assets/Audio/Nova1492/SourceAudio/Sfx/Misc/p_fox_a4.wav","56748"
"datan/sound/p_fox_a5.wav",".wav","Misc","full_sfx_source","Assets/Audio/Nova1492/SourceAudio/Sfx/Misc/p_fox_a5.wav","27820"
"datan/sound/p_fox_d1.wav",".wav","Misc","full_sfx_source","Assets/Audio/Nova1492/SourceAudio/Sfx/Misc/p_fox_d1.wav","62028"
"datan/sound/p_fox_h1.wav",".wav","Misc","full_sfx_source","Assets/Audio/Nova1492/SourceAudio/Sfx/Misc/p_fox_h1.wav","58028"
"datan/sound/p_fox_h2.wav",".wav","Misc","full_sfx_source","Assets/Audio/Nova1492/SourceAudio/Sfx/Misc/p_fox_h2.wav","48428"
"datan/sound/p_fox_o1.wav",".wav","Misc","full_sfx_source","Assets/Audio/Nova1492/SourceAudio/Sfx/Misc/p_fox_o1.wav","39404"
"datan/sound/p_fox_o2.wav",".wav","Misc","full_sfx_source","Assets/Audio/Nova1492/SourceAudio/Sfx/Misc/p_fox_o2.wav","27820"
"datan/sound/p_fox_o3.wav",".wav","Misc","full_sfx_source","Assets/Audio/Nova1492/SourceAudio/Sfx/Misc/p_fox_o3.wav","39404"
"datan/sound/p_fox_o4.wav",".wav","Misc","full_sfx_source","Assets/Audio/Nova1492/SourceAudio/Sfx/Misc/p_fox_o4.wav","48332"
"datan/sound/p_fox_o5.wav",".wav","Misc","full_sfx_source","Assets/Audio/Nova1492/SourceAudio/Sfx/Misc/p_fox_o5.wav","46892"
"datan/sound/p_fox_o6.wav",".wav","Misc","full_sfx_source","Assets/Audio/Nova1492/SourceAudio/Sfx/Misc/p_fox_o6.wav","69204"
"datan/sound/p_fox_o7.wav",".wav","Misc","full_sfx_source","Assets/Audio/Nova1492/SourceAudio/Sfx/Misc/p_fox_o7.wav","55436"
"datan/sound/p_fox_o8.wav",".wav","Misc","full_sfx_source","Assets/Audio/Nova1492/SourceAudio/Sfx/Misc/p_fox_o8.wav","46892"
"datan/sound/p_fox_o9.wav",".wav","Misc","full_sfx_source","Assets/Audio/Nova1492/SourceAudio/Sfx/Misc/p_fox_o9.wav","39404"
"datan/sound/p_fox_s1.wav",".wav","Misc","full_sfx_source","Assets/Audio/Nova1492/SourceAudio/Sfx/Misc/p_fox_s1.wav","26220"
"datan/sound/p_fox_s2.wav",".wav","Misc","full_sfx_source","Assets/Audio/Nova1492/SourceAudio/Sfx/Misc/p_fox_s2.wav","39628"
"datan/sound/p_fox_s3.wav",".wav","Misc","full_sfx_source","Assets/Audio/Nova1492/SourceAudio/Sfx/Misc/p_fox_s3.wav","41148"
"datan/sound/p_fox_s4.wav",".wav","Misc","full_sfx_source","Assets/Audio/Nova1492/SourceAudio/Sfx/Misc/p_fox_s4.wav","41148"
"datan/sound/p_fox_s5.wav",".wav","Misc","full_sfx_source","Assets/Audio/Nova1492/SourceAudio/Sfx/Misc/p_fox_s5.wav","39628"
"datan/sound/p_guy_a1.wav",".wav","Misc","full_sfx_source","Assets/Audio/Nova1492/SourceAudio/Sfx/Misc/p_guy_a1.wav","24796"
"datan/sound/p_guy_a2.wav",".wav","Misc","full_sfx_source","Assets/Audio/Nova1492/SourceAudio/Sfx/Misc/p_guy_a2.wav","33644"
"datan/sound/p_guy_a3.wav",".wav","Misc","full_sfx_source","Assets/Audio/Nova1492/SourceAudio/Sfx/Misc/p_guy_a3.wav","29804"
"datan/sound/p_guy_a4.wav",".wav","Misc","full_sfx_source","Assets/Audio/Nova1492/SourceAudio/Sfx/Misc/p_guy_a4.wav","29804"
"datan/sound/p_guy_a5.wav",".wav","Misc","full_sfx_source","Assets/Audio/Nova1492/SourceAudio/Sfx/Misc/p_guy_a5.wav","47980"
"datan/sound/p_guy_d1.wav",".wav","Misc","full_sfx_source","Assets/Audio/Nova1492/SourceAudio/Sfx/Misc/p_guy_d1.wav","41804"
"datan/sound/p_guy_h1.wav",".wav","Misc","full_sfx_source","Assets/Audio/Nova1492/SourceAudio/Sfx/Misc/p_guy_h1.wav","39532"
"datan/sound/p_guy_h2.wav",".wav","Misc","full_sfx_source","Assets/Audio/Nova1492/SourceAudio/Sfx/Misc/p_guy_h2.wav","35436"
"datan/sound/p_guy_o1.wav",".wav","Misc","full_sfx_source","Assets/Audio/Nova1492/SourceAudio/Sfx/Misc/p_guy_o1.wav","30476"
"datan/sound/p_guy_o2.wav",".wav","Misc","full_sfx_source","Assets/Audio/Nova1492/SourceAudio/Sfx/Misc/p_guy_o2.wav","21964"
"datan/sound/p_guy_o3.wav",".wav","Misc","full_sfx_source","Assets/Audio/Nova1492/SourceAudio/Sfx/Misc/p_guy_o3.wav","22932"
"datan/sound/p_guy_o4.wav",".wav","Misc","full_sfx_source","Assets/Audio/Nova1492/SourceAudio/Sfx/Misc/p_guy_o4.wav","29356"
"datan/sound/p_guy_o5.wav",".wav","Misc","full_sfx_source","Assets/Audio/Nova1492/SourceAudio/Sfx/Misc/p_guy_o5.wav","32988"
"datan/sound/p_guy_o6.wav",".wav","Misc","full_sfx_source","Assets/Audio/Nova1492/SourceAudio/Sfx/Misc/p_guy_o6.wav","36908"
"datan/sound/p_guy_o7.wav",".wav","Misc","full_sfx_source","Assets/Audio/Nova1492/SourceAudio/Sfx/Misc/p_guy_o7.wav","33900"
"datan/sound/p_guy_o8.wav",".wav","Misc","full_sfx_source","Assets/Audio/Nova1492/SourceAudio/Sfx/Misc/p_guy_o8.wav","32988"
"datan/sound/p_guy_o9.wav",".wav","Misc","full_sfx_source","Assets/Audio/Nova1492/SourceAudio/Sfx/Misc/p_guy_o9.wav","39060"
"datan/sound/p_guy_s1.wav",".wav","Misc","full_sfx_source","Assets/Audio/Nova1492/SourceAudio/Sfx/Misc/p_guy_s1.wav","31788"
"datan/sound/p_guy_s2.wav",".wav","Misc","full_sfx_source","Assets/Audio/Nova1492/SourceAudio/Sfx/Misc/p_guy_s2.wav","41676"
"datan/sound/p_guy_s3.wav",".wav","Misc","full_sfx_source","Assets/Audio/Nova1492/SourceAudio/Sfx/Misc/p_guy_s3.wav","23276"
"datan/sound/p_guy_s4.wav",".wav","Misc","full_sfx_source","Assets/Audio/Nova1492/SourceAudio/Sfx/Misc/p_guy_s4.wav","29452"
"datan/sound/p_guy_s5.wav",".wav","Misc","full_sfx_source","Assets/Audio/Nova1492/SourceAudio/Sfx/Misc/p_guy_s5.wav","35436"
"datan/sound/p_lamia_a1.wav",".wav","Misc","full_sfx_source","Assets/Audio/Nova1492/SourceAudio/Sfx/Misc/p_lamia_a1.wav","43308"
"datan/sound/p_lamia_a2.wav",".wav","Misc","full_sfx_source","Assets/Audio/Nova1492/SourceAudio/Sfx/Misc/p_lamia_a2.wav","18964"
"datan/sound/p_lamia_a3.wav",".wav","Misc","full_sfx_source","Assets/Audio/Nova1492/SourceAudio/Sfx/Misc/p_lamia_a3.wav","44284"
"datan/sound/p_lamia_a4.wav",".wav","Misc","full_sfx_source","Assets/Audio/Nova1492/SourceAudio/Sfx/Misc/p_lamia_a4.wav","51132"
"datan/sound/p_lamia_a5.wav",".wav","Misc","full_sfx_source","Assets/Audio/Nova1492/SourceAudio/Sfx/Misc/p_lamia_a5.wav","44284"
"datan/sound/p_lamia_d1.wav",".wav","Misc","full_sfx_source","Assets/Audio/Nova1492/SourceAudio/Sfx/Misc/p_lamia_d1.wav","30108"
"datan/sound/p_lamia_h1.wav",".wav","Misc","full_sfx_source","Assets/Audio/Nova1492/SourceAudio/Sfx/Misc/p_lamia_h1.wav","41428"
"datan/sound/p_lamia_h2.wav",".wav","Misc","full_sfx_source","Assets/Audio/Nova1492/SourceAudio/Sfx/Misc/p_lamia_h2.wav","31212"
"datan/sound/p_lamia_o1.wav",".wav","Misc","full_sfx_source","Assets/Audio/Nova1492/SourceAudio/Sfx/Misc/p_lamia_o1.wav","19180"
"datan/sound/p_lamia_o2.wav",".wav","Misc","full_sfx_source","Assets/Audio/Nova1492/SourceAudio/Sfx/Misc/p_lamia_o2.wav","26620"
"datan/sound/p_lamia_o3.wav",".wav","Misc","full_sfx_source","Assets/Audio/Nova1492/SourceAudio/Sfx/Misc/p_lamia_o3.wav","41308"
"datan/sound/p_lamia_o4.wav",".wav","Misc","full_sfx_source","Assets/Audio/Nova1492/SourceAudio/Sfx/Misc/p_lamia_o4.wav","40268"
"datan/sound/p_lamia_o5.wav",".wav","Misc","full_sfx_source","Assets/Audio/Nova1492/SourceAudio/Sfx/Misc/p_lamia_o5.wav","34292"
"datan/sound/p_lamia_o6.wav",".wav","Misc","full_sfx_source","Assets/Audio/Nova1492/SourceAudio/Sfx/Misc/p_lamia_o6.wav","42204"
"datan/sound/p_lamia_o7.wav",".wav","Misc","full_sfx_source","Assets/Audio/Nova1492/SourceAudio/Sfx/Misc/p_lamia_o7.wav","61116"
"datan/sound/p_lamia_o8.wav",".wav","Misc","full_sfx_source","Assets/Audio/Nova1492/SourceAudio/Sfx/Misc/p_lamia_o8.wav","41428"
"datan/sound/p_lamia_o9.wav",".wav","Misc","full_sfx_source","Assets/Audio/Nova1492/SourceAudio/Sfx/Misc/p_lamia_o9.wav","34292"
"datan/sound/p_lamia_s1.wav",".wav","Misc","full_sfx_source","Assets/Audio/Nova1492/SourceAudio/Sfx/Misc/p_lamia_s1.wav","26956"
"datan/sound/p_lamia_s2.wav",".wav","Misc","full_sfx_source","Assets/Audio/Nova1492/SourceAudio/Sfx/Misc/p_lamia_s2.wav","30050"
"datan/sound/p_lamia_s3.wav",".wav","Misc","full_sfx_source","Assets/Audio/Nova1492/SourceAudio/Sfx/Misc/p_lamia_s3.wav","42092"
"datan/sound/p_lamia_s4.wav",".wav","Misc","full_sfx_source","Assets/Audio/Nova1492/SourceAudio/Sfx/Misc/p_lamia_s4.wav","26956"
"datan/sound/p_lamia_s5.wav",".wav","Misc","full_sfx_source","Assets/Audio/Nova1492/SourceAudio/Sfx/Misc/p_lamia_s5.wav","42092"
"datan/sound/p_moduk_a1.wav",".wav","Misc","full_sfx_source","Assets/Audio/Nova1492/SourceAudio/Sfx/Misc/p_moduk_a1.wav","49836"
"datan/sound/p_moduk_a2.wav",".wav","Misc","full_sfx_source","Assets/Audio/Nova1492/SourceAudio/Sfx/Misc/p_moduk_a2.wav","52588"
"datan/sound/p_moduk_a3.wav",".wav","Misc","full_sfx_source","Assets/Audio/Nova1492/SourceAudio/Sfx/Misc/p_moduk_a3.wav","47850"
"datan/sound/p_moduk_a4.wav",".wav","Misc","full_sfx_source","Assets/Audio/Nova1492/SourceAudio/Sfx/Misc/p_moduk_a4.wav","32960"
"datan/sound/p_moduk_a5.wav",".wav","Misc","full_sfx_source","Assets/Audio/Nova1492/SourceAudio/Sfx/Misc/p_moduk_a5.wav","47850"
"datan/sound/p_moduk_d1.wav",".wav","Misc","full_sfx_source","Assets/Audio/Nova1492/SourceAudio/Sfx/Misc/p_moduk_d1.wav","57364"
"datan/sound/p_moduk_h1.wav",".wav","Misc","full_sfx_source","Assets/Audio/Nova1492/SourceAudio/Sfx/Misc/p_moduk_h1.wav","70370"
"datan/sound/p_moduk_h2.wav",".wav","Misc","full_sfx_source","Assets/Audio/Nova1492/SourceAudio/Sfx/Misc/p_moduk_h2.wav","44300"
"datan/sound/p_moduk_o1.wav",".wav","Misc","full_sfx_source","Assets/Audio/Nova1492/SourceAudio/Sfx/Misc/p_moduk_o1.wav","32960"
"datan/sound/p_moduk_o2.wav",".wav","Misc","full_sfx_source","Assets/Audio/Nova1492/SourceAudio/Sfx/Misc/p_moduk_o2.wav","48654"
"datan/sound/p_moduk_o3.wav",".wav","Misc","full_sfx_source","Assets/Audio/Nova1492/SourceAudio/Sfx/Misc/p_moduk_o3.wav","43948"
"datan/sound/p_moduk_o4.wav",".wav","Misc","full_sfx_source","Assets/Audio/Nova1492/SourceAudio/Sfx/Misc/p_moduk_o4.wav","24504"
"datan/sound/p_moduk_o5.wav",".wav","Misc","full_sfx_source","Assets/Audio/Nova1492/SourceAudio/Sfx/Misc/p_moduk_o5.wav","42732"
"datan/sound/p_moduk_o6.wav",".wav","Misc","full_sfx_source","Assets/Audio/Nova1492/SourceAudio/Sfx/Misc/p_moduk_o6.wav","68204"
"datan/sound/p_moduk_o7.wav",".wav","Misc","full_sfx_source","Assets/Audio/Nova1492/SourceAudio/Sfx/Misc/p_moduk_o7.wav","79692"
"datan/sound/p_moduk_o8.wav",".wav","Misc","full_sfx_source","Assets/Audio/Nova1492/SourceAudio/Sfx/Misc/p_moduk_o8.wav","68204"
"datan/sound/p_moduk_o9.wav",".wav","Misc","full_sfx_source","Assets/Audio/Nova1492/SourceAudio/Sfx/Misc/p_moduk_o9.wav","44300"
"datan/sound/p_moduk_s1.wav",".wav","Misc","full_sfx_source","Assets/Audio/Nova1492/SourceAudio/Sfx/Misc/p_moduk_s1.wav","28748"
"datan/sound/p_moduk_s2.wav",".wav","Misc","full_sfx_source","Assets/Audio/Nova1492/SourceAudio/Sfx/Misc/p_moduk_s2.wav","38488"
"datan/sound/p_moduk_s3.wav",".wav","Misc","full_sfx_source","Assets/Audio/Nova1492/SourceAudio/Sfx/Misc/p_moduk_s3.wav","69656"
"datan/sound/p_moduk_s4.wav",".wav","Misc","full_sfx_source","Assets/Audio/Nova1492/SourceAudio/Sfx/Misc/p_moduk_s4.wav","69656"
"datan/sound/p_moduk_s5.wav",".wav","Misc","full_sfx_source","Assets/Audio/Nova1492/SourceAudio/Sfx/Misc/p_moduk_s5.wav","42732"
"datan/sound/p_prof_a1.wav",".wav","Misc","full_sfx_source","Assets/Audio/Nova1492/SourceAudio/Sfx/Misc/p_prof_a1.wav","24300"
"datan/sound/p_prof_a2.wav",".wav","Misc","full_sfx_source","Assets/Audio/Nova1492/SourceAudio/Sfx/Misc/p_prof_a2.wav","40580"
"datan/sound/p_prof_a3.wav",".wav","Misc","full_sfx_source","Assets/Audio/Nova1492/SourceAudio/Sfx/Misc/p_prof_a3.wav","26426"
"datan/sound/p_prof_a4.wav",".wav","Misc","full_sfx_source","Assets/Audio/Nova1492/SourceAudio/Sfx/Misc/p_prof_a4.wav","40580"
"datan/sound/p_prof_a5.wav",".wav","Misc","full_sfx_source","Assets/Audio/Nova1492/SourceAudio/Sfx/Misc/p_prof_a5.wav","28596"
"datan/sound/p_prof_d1.wav",".wav","Misc","full_sfx_source","Assets/Audio/Nova1492/SourceAudio/Sfx/Misc/p_prof_d1.wav","36140"
"datan/sound/p_prof_h1.wav",".wav","Misc","full_sfx_source","Assets/Audio/Nova1492/SourceAudio/Sfx/Misc/p_prof_h1.wav","42532"
"datan/sound/p_prof_h2.wav",".wav","Misc","full_sfx_source","Assets/Audio/Nova1492/SourceAudio/Sfx/Misc/p_prof_h2.wav","38516"
"datan/sound/p_prof_o1.wav",".wav","Misc","full_sfx_source","Assets/Audio/Nova1492/SourceAudio/Sfx/Misc/p_prof_o1.wav","15518"
"datan/sound/p_prof_o2.wav",".wav","Misc","full_sfx_source","Assets/Audio/Nova1492/SourceAudio/Sfx/Misc/p_prof_o2.wav","20124"
"datan/sound/p_prof_o3.wav",".wav","Misc","full_sfx_source","Assets/Audio/Nova1492/SourceAudio/Sfx/Misc/p_prof_o3.wav","23148"
"datan/sound/p_prof_o4.wav",".wav","Misc","full_sfx_source","Assets/Audio/Nova1492/SourceAudio/Sfx/Misc/p_prof_o4.wav","31376"
"datan/sound/p_prof_o5.wav",".wav","Misc","full_sfx_source","Assets/Audio/Nova1492/SourceAudio/Sfx/Misc/p_prof_o5.wav","30092"
"datan/sound/p_prof_o6.wav",".wav","Misc","full_sfx_source","Assets/Audio/Nova1492/SourceAudio/Sfx/Misc/p_prof_o6.wav","39036"
"datan/sound/p_prof_o7.wav",".wav","Misc","full_sfx_source","Assets/Audio/Nova1492/SourceAudio/Sfx/Misc/p_prof_o7.wav","40940"
"datan/sound/p_prof_o8.wav",".wav","Misc","full_sfx_source","Assets/Audio/Nova1492/SourceAudio/Sfx/Misc/p_prof_o8.wav","31376"
"datan/sound/p_prof_o9.wav",".wav","Misc","full_sfx_source","Assets/Audio/Nova1492/SourceAudio/Sfx/Misc/p_prof_o9.wav","42532"
"datan/sound/p_prof_s1.wav",".wav","Misc","full_sfx_source","Assets/Audio/Nova1492/SourceAudio/Sfx/Misc/p_prof_s1.wav","22530"
"datan/sound/p_prof_s2.wav",".wav","Misc","full_sfx_source","Assets/Audio/Nova1492/SourceAudio/Sfx/Misc/p_prof_s2.wav","32440"
"datan/sound/p_prof_s3.wav",".wav","Misc","full_sfx_source","Assets/Audio/Nova1492/SourceAudio/Sfx/Misc/p_prof_s3.wav","28052"
"datan/sound/p_prof_s4.wav",".wav","Misc","full_sfx_source","Assets/Audio/Nova1492/SourceAudio/Sfx/Misc/p_prof_s4.wav","28052"
"datan/sound/p_prof_s5.wav",".wav","Misc","full_sfx_source","Assets/Audio/Nova1492/SourceAudio/Sfx/Misc/p_prof_s5.wav","33364"
"datan/sound/p_stone_a1.wav",".wav","Misc","full_sfx_source","Assets/Audio/Nova1492/SourceAudio/Sfx/Misc/p_stone_a1.wav","20172"
"datan/sound/p_stone_a2.wav",".wav","Misc","full_sfx_source","Assets/Audio/Nova1492/SourceAudio/Sfx/Misc/p_stone_a2.wav","26076"
"datan/sound/p_stone_a3.wav",".wav","Misc","full_sfx_source","Assets/Audio/Nova1492/SourceAudio/Sfx/Misc/p_stone_a3.wav","19692"
"datan/sound/p_stone_a4.wav",".wav","Misc","full_sfx_source","Assets/Audio/Nova1492/SourceAudio/Sfx/Misc/p_stone_a4.wav","26076"
"datan/sound/p_stone_a5.wav",".wav","Misc","full_sfx_source","Assets/Audio/Nova1492/SourceAudio/Sfx/Misc/p_stone_a5.wav","19692"
"datan/sound/p_stone_d1.wav",".wav","Misc","full_sfx_source","Assets/Audio/Nova1492/SourceAudio/Sfx/Misc/p_stone_d1.wav","17532"
"datan/sound/p_stone_h1.wav",".wav","Misc","full_sfx_source","Assets/Audio/Nova1492/SourceAudio/Sfx/Misc/p_stone_h1.wav","24556"
"datan/sound/p_stone_h2.wav",".wav","Misc","full_sfx_source","Assets/Audio/Nova1492/SourceAudio/Sfx/Misc/p_stone_h2.wav","14396"
"datan/sound/p_stone_o1.wav",".wav","Misc","full_sfx_source","Assets/Audio/Nova1492/SourceAudio/Sfx/Misc/p_stone_o1.wav","21596"
"datan/sound/p_stone_o2.wav",".wav","Misc","full_sfx_source","Assets/Audio/Nova1492/SourceAudio/Sfx/Misc/p_stone_o2.wav","24476"
"datan/sound/p_stone_o3.wav",".wav","Misc","full_sfx_source","Assets/Audio/Nova1492/SourceAudio/Sfx/Misc/p_stone_o3.wav","26444"
"datan/sound/p_stone_o4.wav",".wav","Misc","full_sfx_source","Assets/Audio/Nova1492/SourceAudio/Sfx/Misc/p_stone_o4.wav","23364"
"datan/sound/p_stone_o5.wav",".wav","Misc","full_sfx_source","Assets/Audio/Nova1492/SourceAudio/Sfx/Misc/p_stone_o5.wav","22780"
"datan/sound/p_stone_o6.wav",".wav","Misc","full_sfx_source","Assets/Audio/Nova1492/SourceAudio/Sfx/Misc/p_stone_o6.wav","37180"
"datan/sound/p_stone_o7.wav",".wav","Misc","full_sfx_source","Assets/Audio/Nova1492/SourceAudio/Sfx/Misc/p_stone_o7.wav","28204"
"datan/sound/p_stone_o8.wav",".wav","Misc","full_sfx_source","Assets/Audio/Nova1492/SourceAudio/Sfx/Misc/p_stone_o8.wav","37180"
"datan/sound/p_stone_o9.wav",".wav","Misc","full_sfx_source","Assets/Audio/Nova1492/SourceAudio/Sfx/Misc/p_stone_o9.wav","21596"
"datan/sound/p_stone_s1.wav",".wav","Misc","full_sfx_source","Assets/Audio/Nova1492/SourceAudio/Sfx/Misc/p_stone_s1.wav","15252"
"datan/sound/p_stone_s2.wav",".wav","Misc","full_sfx_source","Assets/Audio/Nova1492/SourceAudio/Sfx/Misc/p_stone_s2.wav","18364"
"datan/sound/p_stone_s3.wav",".wav","Misc","full_sfx_source","Assets/Audio/Nova1492/SourceAudio/Sfx/Misc/p_stone_s3.wav","19308"
"datan/sound/p_stone_s4.wav",".wav","Misc","full_sfx_source","Assets/Audio/Nova1492/SourceAudio/Sfx/Misc/p_stone_s4.wav","18364"
"datan/sound/p_stone_s5.wav",".wav","Misc","full_sfx_source","Assets/Audio/Nova1492/SourceAudio/Sfx/Misc/p_stone_s5.wav","19308"
"datan/sound/p_tank_a1.wav",".wav","Misc","full_sfx_source","Assets/Audio/Nova1492/SourceAudio/Sfx/Misc/p_tank_a1.wav","27852"
"datan/sound/p_tank_a2.wav",".wav","Misc","full_sfx_source","Assets/Audio/Nova1492/SourceAudio/Sfx/Misc/p_tank_a2.wav","36236"
"datan/sound/p_tank_a3.wav",".wav","Misc","full_sfx_source","Assets/Audio/Nova1492/SourceAudio/Sfx/Misc/p_tank_a3.wav","33252"
"datan/sound/p_tank_a4.wav",".wav","Misc","full_sfx_source","Assets/Audio/Nova1492/SourceAudio/Sfx/Misc/p_tank_a4.wav","32748"
"datan/sound/p_tank_a5.wav",".wav","Misc","full_sfx_source","Assets/Audio/Nova1492/SourceAudio/Sfx/Misc/p_tank_a5.wav","33252"
"datan/sound/p_tank_d1.wav",".wav","Misc","full_sfx_source","Assets/Audio/Nova1492/SourceAudio/Sfx/Misc/p_tank_d1.wav","59596"
"datan/sound/p_tank_h1.wav",".wav","Misc","full_sfx_source","Assets/Audio/Nova1492/SourceAudio/Sfx/Misc/p_tank_h1.wav","32048"
"datan/sound/p_tank_h2.wav",".wav","Misc","full_sfx_source","Assets/Audio/Nova1492/SourceAudio/Sfx/Misc/p_tank_h2.wav","29488"
"datan/sound/p_tank_o1.wav",".wav","Misc","full_sfx_source","Assets/Audio/Nova1492/SourceAudio/Sfx/Misc/p_tank_o1.wav","21548"
"datan/sound/p_tank_o2.wav",".wav","Misc","full_sfx_source","Assets/Audio/Nova1492/SourceAudio/Sfx/Misc/p_tank_o2.wav","31548"
"datan/sound/p_tank_o3.wav",".wav","Misc","full_sfx_source","Assets/Audio/Nova1492/SourceAudio/Sfx/Misc/p_tank_o3.wav","23448"
"datan/sound/p_tank_o4.wav",".wav","Misc","full_sfx_source","Assets/Audio/Nova1492/SourceAudio/Sfx/Misc/p_tank_o4.wav","31912"
"datan/sound/p_tank_o5.wav",".wav","Misc","full_sfx_source","Assets/Audio/Nova1492/SourceAudio/Sfx/Misc/p_tank_o5.wav","24972"
"datan/sound/p_tank_o6.wav",".wav","Misc","full_sfx_source","Assets/Audio/Nova1492/SourceAudio/Sfx/Misc/p_tank_o6.wav","54696"
"datan/sound/p_tank_o7.wav",".wav","Misc","full_sfx_source","Assets/Audio/Nova1492/SourceAudio/Sfx/Misc/p_tank_o7.wav","41444"
"datan/sound/p_tank_o8.wav",".wav","Misc","full_sfx_source","Assets/Audio/Nova1492/SourceAudio/Sfx/Misc/p_tank_o8.wav","27132"
"datan/sound/p_tank_o9.wav",".wav","Misc","full_sfx_source","Assets/Audio/Nova1492/SourceAudio/Sfx/Misc/p_tank_o9.wav","31912"
"datan/sound/p_tank_s1.wav",".wav","Misc","full_sfx_source","Assets/Audio/Nova1492/SourceAudio/Sfx/Misc/p_tank_s1.wav","39396"
"datan/sound/p_tank_s2.wav",".wav","Misc","full_sfx_source","Assets/Audio/Nova1492/SourceAudio/Sfx/Misc/p_tank_s2.wav","43832"
"datan/sound/p_tank_s3.wav",".wav","Misc","full_sfx_source","Assets/Audio/Nova1492/SourceAudio/Sfx/Misc/p_tank_s3.wav","39588"
"datan/sound/p_tank_s4.wav",".wav","Misc","full_sfx_source","Assets/Audio/Nova1492/SourceAudio/Sfx/Misc/p_tank_s4.wav","34972"
"datan/sound/p_tank_s5.wav",".wav","Misc","full_sfx_source","Assets/Audio/Nova1492/SourceAudio/Sfx/Misc/p_tank_s5.wav","39588"
"datan/sound/raiseBall.wav",".wav","Misc","full_sfx_source","Assets/Audio/Nova1492/SourceAudio/Sfx/Misc/raiseBall.wav","188974"
"datan/sound/skill_AcDown.wav",".wav","Misc","full_sfx_source","Assets/Audio/Nova1492/SourceAudio/Sfx/Misc/skill_AcDown.wav","112260"
"datan/sound/skill_AcUp.wav",".wav","Misc","full_sfx_source","Assets/Audio/Nova1492/SourceAudio/Sfx/Misc/skill_AcUp.wav","128612"
"datan/sound/skill_AnglGrd.wav",".wav","Misc","full_sfx_source","Assets/Audio/Nova1492/SourceAudio/Sfx/Misc/skill_AnglGrd.wav","158632"
"datan/sound/skill_Barrier.wav",".wav","Misc","full_sfx_source","Assets/Audio/Nova1492/SourceAudio/Sfx/Misc/skill_Barrier.wav","6740"
"datan/sound/skill_basic.wav",".wav","Misc","full_sfx_source","Assets/Audio/Nova1492/SourceAudio/Sfx/Misc/skill_basic.wav","28240"
"datan/sound/skill_Blind.wav",".wav","Misc","full_sfx_source","Assets/Audio/Nova1492/SourceAudio/Sfx/Misc/skill_Blind.wav","88318"
"datan/sound/skill_Blnd.wav",".wav","Misc","full_sfx_source","Assets/Audio/Nova1492/SourceAudio/Sfx/Misc/skill_Blnd.wav","49764"
"datan/sound/skill_BlockHeal.wav",".wav","Misc","full_sfx_source","Assets/Audio/Nova1492/SourceAudio/Sfx/Misc/skill_BlockHeal.wav","60012"
"datan/sound/skill_BmbRck.wav",".wav","Misc","full_sfx_source","Assets/Audio/Nova1492/SourceAudio/Sfx/Misc/skill_BmbRck.wav","29380"
"datan/sound/skill_CurseArea.wav",".wav","Misc","full_sfx_source","Assets/Audio/Nova1492/SourceAudio/Sfx/Misc/skill_CurseArea.wav","28876"
"datan/sound/skill_death.wav",".wav","Misc","full_sfx_source","Assets/Audio/Nova1492/SourceAudio/Sfx/Misc/skill_death.wav","134380"
"datan/sound/skill_DelayDown.wav",".wav","Misc","full_sfx_source","Assets/Audio/Nova1492/SourceAudio/Sfx/Misc/skill_DelayDown.wav","112260"
"datan/sound/skill_DelayUp.wav",".wav","Misc","full_sfx_source","Assets/Audio/Nova1492/SourceAudio/Sfx/Misc/skill_DelayUp.wav","620420"
"datan/sound/skill_Despera.wav",".wav","Misc","full_sfx_source","Assets/Audio/Nova1492/SourceAudio/Sfx/Misc/skill_Despera.wav","127794"
"datan/sound/skill_Doom.wav",".wav","Misc","full_sfx_source","Assets/Audio/Nova1492/SourceAudio/Sfx/Misc/skill_Doom.wav","22316"
"datan/sound/skill_DvlSprt.wav",".wav","Misc","full_sfx_source","Assets/Audio/Nova1492/SourceAudio/Sfx/Misc/skill_DvlSprt.wav","50054"
"datan/sound/skill_fall.wav",".wav","Misc","full_sfx_source","Assets/Audio/Nova1492/SourceAudio/Sfx/Misc/skill_fall.wav","36568"
"datan/sound/skill_fall2.wav",".wav","Misc","full_sfx_source","Assets/Audio/Nova1492/SourceAudio/Sfx/Misc/skill_fall2.wav","36727"
"datan/sound/skill_fall4.wav",".wav","Misc","full_sfx_source","Assets/Audio/Nova1492/SourceAudio/Sfx/Misc/skill_fall4.wav","19882"
"datan/sound/skill_Frz.wav",".wav","Misc","full_sfx_source","Assets/Audio/Nova1492/SourceAudio/Sfx/Misc/skill_Frz.wav","5952"
"datan/sound/skill_GrndBlz.wav",".wav","Misc","full_sfx_source","Assets/Audio/Nova1492/SourceAudio/Sfx/Misc/skill_GrndBlz.wav","32590"
"datan/sound/skill_hlyGrd.wav",".wav","Misc","full_sfx_source","Assets/Audio/Nova1492/SourceAudio/Sfx/Misc/skill_hlyGrd.wav","266122"
"datan/sound/skill_HpRegen.wav",".wav","Misc","full_sfx_source","Assets/Audio/Nova1492/SourceAudio/Sfx/Misc/skill_HpRegen.wav","119578"
"datan/sound/skill_HpUp.wav",".wav","Misc","full_sfx_source","Assets/Audio/Nova1492/SourceAudio/Sfx/Misc/skill_HpUp.wav","47356"
"datan/sound/skill_MBAC.wav",".wav","Misc","full_sfx_source","Assets/Audio/Nova1492/SourceAudio/Sfx/Misc/skill_MBAC.wav","37546"
"datan/sound/skill_MBHP.wav",".wav","Misc","full_sfx_source","Assets/Audio/Nova1492/SourceAudio/Sfx/Misc/skill_MBHP.wav","29030"
"datan/sound/skill_OvrWrk.wav",".wav","Misc","full_sfx_source","Assets/Audio/Nova1492/SourceAudio/Sfx/Misc/skill_OvrWrk.wav","17002"
"datan/sound/skill_Poison.wav",".wav","Misc","full_sfx_source","Assets/Audio/Nova1492/SourceAudio/Sfx/Misc/skill_Poison.wav","129810"
"datan/sound/skill_PowerDown.wav",".wav","Misc","full_sfx_source","Assets/Audio/Nova1492/SourceAudio/Sfx/Misc/skill_PowerDown.wav","112260"
"datan/sound/skill_PowerUp.wav",".wav","Misc","full_sfx_source","Assets/Audio/Nova1492/SourceAudio/Sfx/Misc/skill_PowerUp.wav","113402"
"datan/sound/skill_Rcycl.wav",".wav","Misc","full_sfx_source","Assets/Audio/Nova1492/SourceAudio/Sfx/Misc/skill_Rcycl.wav","8810"
"datan/sound/skill_Scan.wav",".wav","Misc","full_sfx_source","Assets/Audio/Nova1492/SourceAudio/Sfx/Misc/skill_Scan.wav","33390"
"datan/sound/skill_Scrfy.wav",".wav","Misc","full_sfx_source","Assets/Audio/Nova1492/SourceAudio/Sfx/Misc/skill_Scrfy.wav","38352"
"datan/sound/skill_SightUp.wav",".wav","Misc","full_sfx_source","Assets/Audio/Nova1492/SourceAudio/Sfx/Misc/skill_SightUp.wav","127562"
"datan/sound/skill_SpeedDown.wav",".wav","Misc","full_sfx_source","Assets/Audio/Nova1492/SourceAudio/Sfx/Misc/skill_SpeedDown.wav","112260"
"datan/sound/skill_SpeedUp.wav",".wav","Misc","full_sfx_source","Assets/Audio/Nova1492/SourceAudio/Sfx/Misc/skill_SpeedUp.wav","156256"
"datan/sound/skill_Stop.wav",".wav","Misc","full_sfx_source","Assets/Audio/Nova1492/SourceAudio/Sfx/Misc/skill_Stop.wav","137168"
"datan/sound/skill_Storm.wav",".wav","Misc","full_sfx_source","Assets/Audio/Nova1492/SourceAudio/Sfx/Misc/skill_Storm.wav","36394"
"datan/sound/skill_Trnsprt.wav",".wav","Misc","full_sfx_source","Assets/Audio/Nova1492/SourceAudio/Sfx/Misc/skill_Trnsprt.wav","3690"
"datan/sound/SOUND001.wav",".wav","Misc","full_sfx_source","Assets/Audio/Nova1492/SourceAudio/Sfx/Misc/SOUND001.wav","1008"
"datan/sound/SOUND002.wav",".wav","Misc","full_sfx_source","Assets/Audio/Nova1492/SourceAudio/Sfx/Misc/SOUND002.wav","1151"
"datan/sound/SOUND003.wav",".wav","Misc","full_sfx_source","Assets/Audio/Nova1492/SourceAudio/Sfx/Misc/SOUND003.wav","1151"
"datan/sound/SOUND004.wav",".wav","Misc","full_sfx_source","Assets/Audio/Nova1492/SourceAudio/Sfx/Misc/SOUND004.wav","3825"
"datan/sound/SOUND005.wav",".wav","Misc","full_sfx_source","Assets/Audio/Nova1492/SourceAudio/Sfx/Misc/SOUND005.wav","4954"
"datan/sound/SOUND006.wav",".wav","Misc","full_sfx_source","Assets/Audio/Nova1492/SourceAudio/Sfx/Misc/SOUND006.wav","4954"
"datan/sound/SOUND007.wav",".wav","Misc","full_sfx_source","Assets/Audio/Nova1492/SourceAudio/Sfx/Misc/SOUND007.wav","7228"
"datan/sound/SOUND008.wav",".wav","Misc","full_sfx_source","Assets/Audio/Nova1492/SourceAudio/Sfx/Misc/SOUND008.wav","3162"
"datan/sound/SOUND009.wav",".wav","Misc","full_sfx_source","Assets/Audio/Nova1492/SourceAudio/Sfx/Misc/SOUND009.wav","4954"
"datan/sound/SOUND010.wav",".wav","Misc","full_sfx_source","Assets/Audio/Nova1492/SourceAudio/Sfx/Misc/SOUND010.wav","4954"
"datan/sound/SOUND011.wav",".wav","Misc","full_sfx_source","Assets/Audio/Nova1492/SourceAudio/Sfx/Misc/SOUND011.wav","5022"
"datan/sound/SOUND012.wav",".wav","Misc","full_sfx_source","Assets/Audio/Nova1492/SourceAudio/Sfx/Misc/SOUND012.wav","2920"
"datan/sound/SOUND013.wav",".wav","Misc","full_sfx_source","Assets/Audio/Nova1492/SourceAudio/Sfx/Misc/SOUND013.wav","2920"
"datan/sound/SOUND014.wav",".wav","Misc","full_sfx_source","Assets/Audio/Nova1492/SourceAudio/Sfx/Misc/SOUND014.wav","15190"
"datan/sound/SOUND015.wav",".wav","Misc","full_sfx_source","Assets/Audio/Nova1492/SourceAudio/Sfx/Misc/SOUND015.wav","9040"
"datan/sound/SOUND016.wav",".wav","Misc","full_sfx_source","Assets/Audio/Nova1492/SourceAudio/Sfx/Misc/SOUND016.wav","2920"
"datan/sound/SOUND017.wav",".wav","Misc","full_sfx_source","Assets/Audio/Nova1492/SourceAudio/Sfx/Misc/SOUND017.wav","1151"
"datan/sound/SOUND018.wav",".wav","Misc","full_sfx_source","Assets/Audio/Nova1492/SourceAudio/Sfx/Misc/SOUND018.wav","14730"
"datan/sound/SOUND019.wav",".wav","Misc","full_sfx_source","Assets/Audio/Nova1492/SourceAudio/Sfx/Misc/SOUND019.wav","3042"
"datan/sound/SOUND020.wav",".wav","Misc","full_sfx_source","Assets/Audio/Nova1492/SourceAudio/Sfx/Misc/SOUND020.wav","501538"
"datan/sound/SOUND021.wav",".wav","Misc","full_sfx_source","Assets/Audio/Nova1492/SourceAudio/Sfx/Misc/SOUND021.wav","487142"
"datan/sound/SOUND022.wav",".wav","Misc","full_sfx_source","Assets/Audio/Nova1492/SourceAudio/Sfx/Misc/SOUND022.wav","103726"
"datan/sound/SOUND023.wav",".wav","Misc","full_sfx_source","Assets/Audio/Nova1492/SourceAudio/Sfx/Misc/SOUND023.wav","219526"
"datan/sound/SOUND024.wav",".wav","Misc","full_sfx_source","Assets/Audio/Nova1492/SourceAudio/Sfx/Misc/SOUND024.wav","79742"
"datan/sound/SOUND025.wav",".wav","Misc","full_sfx_source","Assets/Audio/Nova1492/SourceAudio/Sfx/Misc/SOUND025.wav","71804"
"datan/sound/button_end.wav",".wav","UI","full_sfx_source","Assets/Audio/Nova1492/SourceAudio/Sfx/UI/button_end.wav","724"
"datan/sound/button_start.wav",".wav","UI","full_sfx_source","Assets/Audio/Nova1492/SourceAudio/Sfx/UI/button_start.wav","724"
"datan/sound/labSelect.wav",".wav","UI","full_sfx_source","Assets/Audio/Nova1492/SourceAudio/Sfx/UI/labSelect.wav","4259"
"datan/sound/menubttn.wav",".wav","UI","full_sfx_source","Assets/Audio/Nova1492/SourceAudio/Sfx/UI/menubttn.wav","5578"
"datan/sound/o1_base_select.wav",".wav","UI","full_sfx_source","Assets/Audio/Nova1492/SourceAudio/Sfx/UI/o1_base_select.wav","40140"
"datan/sound/o2_base_select.wav",".wav","UI","full_sfx_source","Assets/Audio/Nova1492/SourceAudio/Sfx/UI/o2_base_select.wav","50156"
"datan/sound/SELECT.wav",".wav","UI","full_sfx_source","Assets/Audio/Nova1492/SourceAudio/Sfx/UI/SELECT.wav","5565"
"datan/sound/d-mob201.wav",".wav","UnitsAndMobs","full_sfx_source","Assets/Audio/Nova1492/SourceAudio/Sfx/UnitsAndMobs/d-mob201.wav","13366"
"datan/sound/d-mob202.wav",".wav","UnitsAndMobs","full_sfx_source","Assets/Audio/Nova1492/SourceAudio/Sfx/UnitsAndMobs/d-mob202.wav","15180"
"datan/sound/d-mob203.wav",".wav","UnitsAndMobs","full_sfx_source","Assets/Audio/Nova1492/SourceAudio/Sfx/UnitsAndMobs/d-mob203.wav","15071"
"datan/sound/d-mob204.wav",".wav","UnitsAndMobs","full_sfx_source","Assets/Audio/Nova1492/SourceAudio/Sfx/UnitsAndMobs/d-mob204.wav","15072"
"datan/sound/d-mob205.wav",".wav","UnitsAndMobs","full_sfx_source","Assets/Audio/Nova1492/SourceAudio/Sfx/UnitsAndMobs/d-mob205.wav","15278"
"datan/sound/d-mob206.wav",".wav","UnitsAndMobs","full_sfx_source","Assets/Audio/Nova1492/SourceAudio/Sfx/UnitsAndMobs/d-mob206.wav","9678"
"datan/sound/d-mob207.wav",".wav","UnitsAndMobs","full_sfx_source","Assets/Audio/Nova1492/SourceAudio/Sfx/UnitsAndMobs/d-mob207.wav","12686"
"datan/sound/d-mob208.wav",".wav","UnitsAndMobs","full_sfx_source","Assets/Audio/Nova1492/SourceAudio/Sfx/UnitsAndMobs/d-mob208.wav","15071"
"datan/sound/d-mob209.wav",".wav","UnitsAndMobs","full_sfx_source","Assets/Audio/Nova1492/SourceAudio/Sfx/UnitsAndMobs/d-mob209.wav","15180"
"datan/sound/d-mob210.wav",".wav","UnitsAndMobs","full_sfx_source","Assets/Audio/Nova1492/SourceAudio/Sfx/UnitsAndMobs/d-mob210.wav","15071"
"datan/sound/d-mob211.wav",".wav","UnitsAndMobs","full_sfx_source","Assets/Audio/Nova1492/SourceAudio/Sfx/UnitsAndMobs/d-mob211.wav","15072"
"datan/sound/d-mob212.wav",".wav","UnitsAndMobs","full_sfx_source","Assets/Audio/Nova1492/SourceAudio/Sfx/UnitsAndMobs/d-mob212.wav","15740"
"datan/sound/d-mob213.wav",".wav","UnitsAndMobs","full_sfx_source","Assets/Audio/Nova1492/SourceAudio/Sfx/UnitsAndMobs/d-mob213.wav","15278"
"datan/sound/d-mob214.wav",".wav","UnitsAndMobs","full_sfx_source","Assets/Audio/Nova1492/SourceAudio/Sfx/UnitsAndMobs/d-mob214.wav","11036"
"datan/sound/d-mob215.wav",".wav","UnitsAndMobs","full_sfx_source","Assets/Audio/Nova1492/SourceAudio/Sfx/UnitsAndMobs/d-mob215.wav","12686"
"datan/sound/d-mob216.wav",".wav","UnitsAndMobs","full_sfx_source","Assets/Audio/Nova1492/SourceAudio/Sfx/UnitsAndMobs/d-mob216.wav","15756"
"datan/sound/d-mob217.wav",".wav","UnitsAndMobs","full_sfx_source","Assets/Audio/Nova1492/SourceAudio/Sfx/UnitsAndMobs/d-mob217.wav","15071"
"datan/sound/d-mob218.wav",".wav","UnitsAndMobs","full_sfx_source","Assets/Audio/Nova1492/SourceAudio/Sfx/UnitsAndMobs/d-mob218.wav","19842"
"datan/sound/d-mob219.wav",".wav","UnitsAndMobs","full_sfx_source","Assets/Audio/Nova1492/SourceAudio/Sfx/UnitsAndMobs/d-mob219.wav","15740"
"datan/sound/d-mob220.wav",".wav","UnitsAndMobs","full_sfx_source","Assets/Audio/Nova1492/SourceAudio/Sfx/UnitsAndMobs/d-mob220.wav","11036"
"datan/sound/d-mob221.wav",".wav","UnitsAndMobs","full_sfx_source","Assets/Audio/Nova1492/SourceAudio/Sfx/UnitsAndMobs/d-mob221.wav","15756"
"datan/sound/d-mob222.wav",".wav","UnitsAndMobs","full_sfx_source","Assets/Audio/Nova1492/SourceAudio/Sfx/UnitsAndMobs/d-mob222.wav","19842"
"datan/sound/d-mob223.wav",".wav","UnitsAndMobs","full_sfx_source","Assets/Audio/Nova1492/SourceAudio/Sfx/UnitsAndMobs/d-mob223.wav","13162"
"datan/sound/o1_unit_max.wav",".wav","UnitsAndMobs","full_sfx_source","Assets/Audio/Nova1492/SourceAudio/Sfx/UnitsAndMobs/o1_unit_max.wav","40772"
"datan/sound/o2_unit_max.wav",".wav","UnitsAndMobs","full_sfx_source","Assets/Audio/Nova1492/SourceAudio/Sfx/UnitsAndMobs/o2_unit_max.wav","47984"
