part_id,slot,prefab_path,child_local_position,bounds_center,bounds_min,bounds_max,bottom_anchor,top_anchor,normalized_scale,excluded_prefab_effect_renderers
"nova_fire_arm1_sz","Firepower","Assets/Prefabs/Features/Garage/AssemblyModels/Generated/Firepower/nova_fire_arm1_sz.prefab","0;0;0","-0.000901;0.047363;0.200113","-0.093264;-0.008711;-0.125711","0.091462;0.103437;0.525937","-0.000901;-0.008711;0.200113","-0.000901;0.103437;0.200113","0.335342","0"
"nova_fire_arm10_broz","Firepower","Assets/Prefabs/Features/Garage/AssemblyModels/Generated/Firepower/nova_fire_arm10_broz.prefab","0;0;0","0.000576;0.101756;-0.067426","-0.197141;-0.004666;-0.233492","0.198293;0.208178;0.09864","0.000576;-0.004666;-0.067426","0.000576;0.208178;-0.067426","0.335342","0"
"nova_fire_arm11_poms","Firepower","Assets/Prefabs/Features/Garage/AssemblyModels/Generated/Firepower/nova_fire_arm11_poms.prefab","0;0;0","-0.00001;0.046974;0.024568","-0.070583;0;-0.11781","0.070564;0.093947;0.166945","-0.00001;0;0.024568","-0.00001;0.093947;0.024568","0.335342","0"
"nova_fire_arm12_onms","Firepower","Assets/Prefabs/Features/Garage/AssemblyModels/Generated/Firepower/nova_fire_arm12_onms.prefab","0;0;0","-0.000042;0.046823;0.01989","-0.069848;0.000001;-0.124497","0.069763;0.093645;0.164276","-0.000042;0.000001;0.01989","-0.000042;0.093645;0.01989","0.335342","0"
"nova_fire_arm13_prs","Firepower","Assets/Prefabs/Features/Garage/AssemblyModels/Generated/Firepower/nova_fire_arm13_prs.prefab","0;0;0","-0.000002;0.054882;0.168464","-0.064976;-0.035352;-0.220068","0.064971;0.145115;0.556995","-0.000002;-0.035352;0.168464","-0.000002;0.145115;0.168464","0.335342","0"
"nova_fire_arm15_hdkn","Firepower","Assets/Prefabs/Features/Garage/AssemblyModels/Generated/Firepower/nova_fire_arm15_hdkn.prefab","0;0;0","-0.004739;0.118954;-0.019767","-0.246911;-0.050914;-0.281254","0.237432;0.288822;0.24172","-0.004739;-0.050914;-0.019767","-0.004739;0.288822;-0.019767","0.335342","0"
"nova_fire_arm17_prrs","Firepower","Assets/Prefabs/Features/Garage/AssemblyModels/Generated/Firepower/nova_fire_arm17_prrs.prefab","0;0;0","-0.000001;0.138419;-0.017037","-0.223405;-0.000004;-0.152766","0.223404;0.276842;0.118692","-0.000001;-0.000004;-0.017037","-0.000001;0.276842;-0.017037","0.335342","0"
"nova_fire_arm18_knst","Firepower","Assets/Prefabs/Features/Garage/AssemblyModels/Generated/Firepower/nova_fire_arm18_knst.prefab","0;0;0","0.000279;0.127939;0.026361","-0.216848;-0.001564;-0.125073","0.217405;0.257442;0.177795","0.000279;-0.001564;0.026361","0.000279;0.257442;0.026361","0.335342","0"
"nova_fire_arm19_roz","Firepower","Assets/Prefabs/Features/Garage/AssemblyModels/Generated/Firepower/nova_fire_arm19_roz.prefab","0;0;0","0.000404;0.107844;0.002891","-0.20425;-0.035602;-0.114916","0.205058;0.251289;0.120699","0.000404;-0.035602;0.002891","0.000404;0.251289;0.002891","0.335342","0"
"nova_fire_arm20_rkto","Firepower","Assets/Prefabs/Features/Garage/AssemblyModels/Generated/Firepower/nova_fire_arm20_rkto.prefab","0;0;0","0.000964;0.16151;0.042953","-0.288859;-0.015515;-0.117353","0.290786;0.338535;0.203259","0.000964;-0.015515;0.042953","0.000964;0.338535;0.042953","0.335342","0"
"nova_fire_arm21_nmsz","Firepower","Assets/Prefabs/Features/Garage/AssemblyModels/Generated/Firepower/nova_fire_arm21_nmsz.prefab","0;0;0","0.010783;0.073399;0.173698","-0.071889;-0.000698;-0.180317","0.093454;0.147496;0.527712","0.010783;-0.000698;0.173698","0.010783;0.147496;0.173698","0.335342","0"
"nova_fire_arm22_bsrsk","Firepower","Assets/Prefabs/Features/Garage/AssemblyModels/Generated/Firepower/nova_fire_arm22_bsrsk.prefab","0;0;0","0;0.054908;0.178165","-0.105504;-0.014293;-0.147637","0.105504;0.124109;0.503966","0;-0.014293;0.178165","0;0.124109;0.178165","0.335342","0"
"nova_fire_arm24_bzk","Firepower","Assets/Prefabs/Features/Garage/AssemblyModels/Generated/Firepower/nova_fire_arm24_bzk.prefab","0;0;0","-0.023379;0.139975;0.190068","-0.317939;-0.143074;-0.286932","0.271182;0.423024;0.667067","-0.023379;-0.143074;0.190068","-0.023379;0.423024;0.190068","0.335342","0"
"nova_fire_arm25_skoob","Firepower","Assets/Prefabs/Features/Garage/AssemblyModels/Generated/Firepower/nova_fire_arm25_skoob.prefab","0;0;0","0.001047;0.060126;0.12568","-0.106035;0;-0.145399","0.108129;0.120252;0.396758","0.001047;0;0.12568","0.001047;0.120252;0.12568","0.335342","0"
"nova_fire_arm26_srmd","Firepower","Assets/Prefabs/Features/Garage/AssemblyModels/Generated/Firepower/nova_fire_arm26_srmd.prefab","0;0;0","0;0.143501;0.08418","-0.07296;-0.000544;-0.12312","0.07296;0.287546;0.291481","0;-0.000544;0.08418","0;0.287546;0.08418","0.335342","0"
"nova_fire_arm27_stst","Firepower","Assets/Prefabs/Features/Garage/AssemblyModels/Generated/Firepower/nova_fire_arm27_stst.prefab","0;0;0","0.000226;0.12572;0.115781","-0.134831;-0.000063;-0.151166","0.135284;0.251502;0.382727","0.000226;-0.000063;0.115781","0.000226;0.251502;0.115781","0.335342","0"
"nova_fire_arm28_ozs","Firepower","Assets/Prefabs/Features/Garage/AssemblyModels/Generated/Firepower/nova_fire_arm28_ozs.prefab","0;0;0","0.000976;0.053116;0.052933","-0.076819;-0.003971;-0.116338","0.07877;0.110204;0.222205","0.000976;-0.003971;0.052933","0.000976;0.110204;0.052933","0.335342","0"
"nova_fire_arm29_sdbt","Firepower","Assets/Prefabs/Features/Garage/AssemblyModels/Generated/Firepower/nova_fire_arm29_sdbt.prefab","0;0;0","0.002981;0.151821;0.359851","-0.323975;-0.024347;-0.26007","0.329936;0.327989;0.979772","0.002981;-0.024347;0.359851","0.002981;0.327989;0.359851","0.335342","0"
"nova_fire_arm30_sm","Firepower","Assets/Prefabs/Features/Garage/AssemblyModels/Generated/Firepower/nova_fire_arm30_sm.prefab","0;0;0","0.013777;0.040864;0.044339","-0.070183;-0.001975;-0.082118","0.097737;0.083702;0.170796","0.013777;-0.001975;0.044339","0.013777;0.083702;0.044339","0.335342","0"
"nova_fire_arm31_skokr","Firepower","Assets/Prefabs/Features/Garage/AssemblyModels/Generated/Firepower/nova_fire_arm31_skokr.prefab","0;0;0","0.00056;0.109829;0.015577","-0.234768;-0.009335;-0.142939","0.235889;0.228994;0.174093","0.00056;-0.009335;0.015577","0.00056;0.228994;0.015577","0.335342","0"
"nova_fire_arm32_sppoo","Firepower","Assets/Prefabs/Features/Garage/AssemblyModels/Generated/Firepower/nova_fire_arm32_sppoo.prefab","0;0;0","0.084965;0.056786;0.053293","-0.199905;-0.180699;-0.273835","0.369834;0.294271;0.38042","0.084965;-0.180699;0.053293","0.084965;0.294271;0.053293","0.335342","0"
"nova_fire_arm33_hkoo","Firepower","Assets/Prefabs/Features/Garage/AssemblyModels/Generated/Firepower/nova_fire_arm33_hkoo.prefab","0;0;0","0;0.1389;0.044262","-0.091589;0.000004;-0.113991","0.091589;0.277796;0.202514","0;0.000004;0.044262","0;0.277796;0.044262","0.335342","0"
"nova_fire_arm34_skpo","Firepower","Assets/Prefabs/Features/Garage/AssemblyModels/Generated/Firepower/nova_fire_arm34_skpo.prefab","0;0;0","0.000944;0.091858;0.136995","-0.160071;-0.034755;-0.123885","0.161959;0.218472;0.397874","0.000944;-0.034755;0.136995","0.000944;0.218472;0.136995","0.335342","0"
"nova_fire_arm35_ons","Firepower","Assets/Prefabs/Features/Garage/AssemblyModels/Generated/Firepower/nova_fire_arm35_ons.prefab","0;0;0","0.000407;0.128927;-0.00207","-0.263817;-0.006613;-0.139915","0.264631;0.264467;0.135776","0.000407;-0.006613;-0.00207","0.000407;0.264467;-0.00207","0.335342","0"
"nova_fire_arm36_bnso","Firepower","Assets/Prefabs/Features/Garage/AssemblyModels/Generated/Firepower/nova_fire_arm36_bnso.prefab","0;0;0","-0.003244;0.124468;0.198843","-0.143199;-0.001373;-0.269471","0.136712;0.25031;0.667158","-0.003244;-0.001373;0.198843","-0.003244;0.25031;0.198843","0.335342","0"
"nova_fire_arm37_sts","Firepower","Assets/Prefabs/Features/Garage/AssemblyModels/Generated/Firepower/nova_fire_arm37_sts.prefab","0;0;0","-0.000023;0.178229;0.079273","-0.266705;-0.004093;-0.112395","0.266659;0.360551;0.270942","-0.000023;-0.004093;0.079273","-0.000023;0.360551;0.079273","0.335342","0"
"nova_fire_arm39_hmsk","Firepower","Assets/Prefabs/Features/Garage/AssemblyModels/Generated/Firepower/nova_fire_arm39_hmsk.prefab","0;0;0","-0.003342;0.183819;0.082294","-0.335013;-0.245681;-0.292891","0.32833;0.61332;0.457479","-0.003342;-0.245681;0.082294","-0.003342;0.61332;0.082294","0.335342","0"
"nova_fire_arm4_bk","Firepower","Assets/Prefabs/Features/Garage/AssemblyModels/Generated/Firepower/nova_fire_arm4_bk.prefab","0;0;0","0.006283;0.066378;0.264929","-0.077455;0;-0.130641","0.090021;0.132755;0.6605","0.006283;0;0.264929","0.006283;0.132755;0.264929","0.335342","0"
"nova_fire_arm41_onoo","Firepower","Assets/Prefabs/Features/Garage/AssemblyModels/Generated/Firepower/nova_fire_arm41_onoo.prefab","0;0;0","-0.000003;0.145326;0.032823","-0.242291;-0.010621;-0.18627","0.242284;0.301274;0.251917","-0.000003;-0.010621;0.032823","-0.000003;0.301274;0.032823","0.335342","0"
"nova_fire_arm43_przso","Firepower","Assets/Prefabs/Features/Garage/AssemblyModels/Generated/Firepower/nova_fire_arm43_przso.prefab","0;0;0","0.000307;0.126746;0.195221","-0.125128;0;-0.133455","0.125741;0.253491;0.523896","0.000307;0;0.195221","0.000307;0.253491;0.195221","0.335342","0"
"nova_fire_arm46_dbkr","Firepower","Assets/Prefabs/Features/Garage/AssemblyModels/Generated/Firepower/nova_fire_arm46_dbkr.prefab","0;0;0","-0.00023;0.211915;0.143415","-0.48981;-0.084364;-0.246337","0.48935;0.508194;0.533166","-0.00023;-0.084364;0.143415","-0.00023;0.508194;0.143415","0.335342","0"
"nova_fire_arm55_bbs","Firepower","Assets/Prefabs/Features/Garage/AssemblyModels/Generated/Firepower/nova_fire_arm55_bbs.prefab","0;0;0","-0.011396;0.182698;0.012714","-0.310332;-0.160269;-0.299461","0.287541;0.525665;0.324889","-0.011396;-0.160269;0.012714","-0.011396;0.525665;0.012714","0.335342","0"
"nova_fire_arm8_do","Firepower","Assets/Prefabs/Features/Garage/AssemblyModels/Generated/Firepower/nova_fire_arm8_do.prefab","0;0;0","0.00087;0.09222;-0.011853","-0.220261;-0.039461;-0.185788","0.222001;0.223902;0.162083","0.00087;-0.039461;-0.011853","0.00087;0.223902;-0.011853","0.335342","0"
"nova_fire_g_arm56_prrs","Firepower","Assets/Prefabs/Features/Garage/AssemblyModels/Generated/Firepower/nova_fire_g_arm56_prrs.prefab","0;0;0","-0.000001;0.138419;-0.017037","-0.223405;-0.000004;-0.152766","0.223404;0.276842;0.118692","-0.000001;-0.000004;-0.017037","-0.000001;0.276842;-0.017037","0.335342","0"
"nova_fire_g_arm57_prs","Firepower","Assets/Prefabs/Features/Garage/AssemblyModels/Generated/Firepower/nova_fire_g_arm57_prs.prefab","0;0;0","-0.000002;0.054882;0.168464","-0.064976;-0.035352;-0.220068","0.064971;0.145115;0.556995","-0.000002;-0.035352;0.168464","-0.000002;0.145115;0.168464","0.335342","0"
"nova_fire_g_arm58_dbkr","Firepower","Assets/Prefabs/Features/Garage/AssemblyModels/Generated/Firepower/nova_fire_g_arm58_dbkr.prefab","0;0;0","-0.00023;0.211915;0.143415","-0.48981;-0.084364;-0.246337","0.48935;0.508194;0.533166","-0.00023;-0.084364;0.143415","-0.00023;0.508194;0.143415","0.335342","0"
"nova_fire_n_arm59_dmsz","Firepower","Assets/Prefabs/Features/Garage/AssemblyModels/Generated/Firepower/nova_fire_n_arm59_dmsz.prefab","0;0;0","-0.000091;0.042634;0.167497","-0.062266;-0.011062;-0.17526","0.062085;0.09633;0.510255","-0.000091;-0.011062;0.167497","-0.000091;0.09633;0.167497","0.335342","0"
"nova_fire_n_arm60_mgbr","Firepower","Assets/Prefabs/Features/Garage/AssemblyModels/Generated/Firepower/nova_fire_n_arm60_mgbr.prefab","0;0;0","0.001074;0.127726;0.158786","-0.240311;-0.047065;-0.224336","0.24246;0.302517;0.541907","0.001074;-0.047065;0.158786","0.001074;0.302517;0.158786","0.335342","0"
"nova_fire_n_arm61_bsrsk","Firepower","Assets/Prefabs/Features/Garage/AssemblyModels/Generated/Firepower/nova_fire_n_arm61_bsrsk.prefab","0;0;0","0;0.054908;0.178165","-0.105504;-0.014293;-0.147637","0.105504;0.124109;0.503966","0;-0.014293;0.178165","0;0.124109;0.178165","0.335342","0"
"nova_fire_n_arm62_knst","Firepower","Assets/Prefabs/Features/Garage/AssemblyModels/Generated/Firepower/nova_fire_n_arm62_knst.prefab","0;0;0","0.000279;0.127939;0.026361","-0.216848;-0.001564;-0.125073","0.217405;0.257442;0.177795","0.000279;-0.001564;0.026361","0.000279;0.257442;0.026361","0.335342","0"
"nova_fire_n_arm63_krst","Firepower","Assets/Prefabs/Features/Garage/AssemblyModels/Generated/Firepower/nova_fire_n_arm63_krst.prefab","0;0;0","0.001038;0.141917;-0.116305","-0.236028;-0.000052;-0.316385","0.238103;0.283885;0.083776","0.001038;-0.000052;-0.116305","0.001038;0.283885;-0.116305","0.335342","0"
"nova_fire_n_arm64_hdkn","Firepower","Assets/Prefabs/Features/Garage/AssemblyModels/Generated/Firepower/nova_fire_n_arm64_hdkn.prefab","0;0;0","-0.006433;0.12227;-0.007327","-0.251108;-0.043412;-0.281254","0.238243;0.287952;0.266599","-0.006433;-0.043412;-0.007327","-0.006433;0.287952;-0.007327","0.335342","0"
"nova_fire_n_arm65_bbs","Firepower","Assets/Prefabs/Features/Garage/AssemblyModels/Generated/Firepower/nova_fire_n_arm65_bbs.prefab","0;0;0","-0.011396;0.187551;0.016082","-0.310332;-0.160269;-0.299461","0.287541;0.53537;0.331625","-0.011396;-0.160269;0.016082","-0.011396;0.53537;0.016082","0.335342","0"
"nova_fire_n_arm66_skpo","Firepower","Assets/Prefabs/Features/Garage/AssemblyModels/Generated/Firepower/nova_fire_n_arm66_skpo.prefab","0;0;0","0.000944;0.095412;0.133441","-0.160071;-0.027648;-0.123885","0.161959;0.218472;0.390767","0.000944;-0.027648;0.133441","0.000944;0.218472;0.133441","0.335342","0"
"nova_fire_n_arm67_sts","Firepower","Assets/Prefabs/Features/Garage/AssemblyModels/Generated/Firepower/nova_fire_n_arm67_sts.prefab","0;0;0","-0.000023;0.178229;0.079273","-0.266705;-0.004093;-0.112395","0.266659;0.360551;0.270942","-0.000023;-0.004093;0.079273","-0.000023;0.360551;0.079273","0.335342","0"
"nova_fire_n_arm68_roz","Firepower","Assets/Prefabs/Features/Garage/AssemblyModels/Generated/Firepower/nova_fire_n_arm68_roz.prefab","0;0;0","0.000404;0.107844;0.002891","-0.20425;-0.035602;-0.114916","0.205058;0.251289;0.120699","0.000404;-0.035602;0.002891","0.000404;0.251289;0.002891","0.335342","0"
"nova_fire_n_arm69_rkog","Firepower","Assets/Prefabs/Features/Garage/AssemblyModels/Generated/Firepower/nova_fire_n_arm69_rkog.prefab","0;0;0","0.004953;0.198423;0.144898","-0.289015;-0.020335;-0.296016","0.298921;0.41718;0.585811","0.004953;-0.020335;0.144898","0.004953;0.41718;0.144898","0.335342","0"
"nova_fire_n_arm70_hmsk","Firepower","Assets/Prefabs/Features/Garage/AssemblyModels/Generated/Firepower/nova_fire_n_arm70_hmsk.prefab","0;0;0","-0.003337;0.15555;0.040907","-0.335013;-0.237924;-0.292891","0.328338;0.549025;0.374705","-0.003337;-0.237924;0.040907","-0.003337;0.549025;0.040907","0.335342","0"
"nova_fire_s_arm50_hmsk","Firepower","Assets/Prefabs/Features/Garage/AssemblyModels/Generated/Firepower/nova_fire_s_arm50_hmsk.prefab","0;0;0","-0.003342;0.183819;0.082294","-0.335013;-0.245681;-0.292891","0.32833;0.61332;0.457479","-0.003342;-0.245681;0.082294","-0.003342;0.61332;0.082294","0.335342","0"
"nova_fire_s_arm52_bzk","Firepower","Assets/Prefabs/Features/Garage/AssemblyModels/Generated/Firepower/nova_fire_s_arm52_bzk.prefab","0;0;0","-0.023379;0.139975;0.190068","-0.317939;-0.143074;-0.286932","0.271182;0.423024;0.667067","-0.023379;-0.143074;0.190068","-0.023379;0.423024;0.190068","0.335342","0"
"nova_fire_s_arm53_ons","Firepower","Assets/Prefabs/Features/Garage/AssemblyModels/Generated/Firepower/nova_fire_s_arm53_ons.prefab","0;0;0","0.000407;0.128927;-0.00207","-0.263817;-0.006613;-0.139915","0.264631;0.264467;0.135776","0.000407;-0.006613;-0.00207","0.000407;0.264467;-0.00207","0.335342","0"
"nova_fire_s_arm54_onoo","Firepower","Assets/Prefabs/Features/Garage/AssemblyModels/Generated/Firepower/nova_fire_s_arm54_onoo.prefab","0;0;0","-0.000003;0.145326;0.032823","-0.242291;-0.010621;-0.18627","0.242284;0.301274;0.251917","-0.000003;-0.010621;0.032823","-0.000003;0.301274;0.032823","0.335342","0"
"nova_frame_body1_sz","Frame","Assets/Prefabs/Features/Garage/AssemblyModels/Generated/Frame/nova_frame_body1_sz.prefab","0;0;0","-0.001442;0.101066;-0.086647","-0.192706;-0.01385;-0.294041","0.189822;0.215981;0.120747","-0.001442;-0.01385;-0.086647","-0.001442;0.215981;-0.086647","0.335342","0"
"nova_frame_body10_skdr","Frame","Assets/Prefabs/Features/Garage/AssemblyModels/Generated/Frame/nova_frame_body10_skdr.prefab","0;0;0","0;0.074572;0.02552","-0.066383;-0.0126;-0.147495","0.066383;0.161744;0.198534","0;-0.0126;0.02552","0;0.161744;0.02552","0.335342","0"
"nova_frame_body11_kn","Frame","Assets/Prefabs/Features/Garage/AssemblyModels/Generated/Frame/nova_frame_body11_kn.prefab","0;0;0","0;0.096943;-0.011881","-0.158147;-0.000063;-0.268444","0.158147;0.19395;0.244681","0;-0.000063;-0.011881","0;0.19395;-0.011881","0.335342","0"
"nova_frame_body12_kt","Frame","Assets/Prefabs/Features/Garage/AssemblyModels/Generated/Frame/nova_frame_body12_kt.prefab","0;0;0","0.000438;0.038723;-0.083288","-0.168966;-0.08037;-0.405705","0.169842;0.157816;0.239129","0.000438;-0.08037;-0.083288","0.000438;0.157816;-0.083288","0.335342","0"
"nova_frame_body13_scro","Frame","Assets/Prefabs/Features/Garage/AssemblyModels/Generated/Frame/nova_frame_body13_scro.prefab","0;0;0","0.000002;0.077359;-0.05044","-0.192862;-0.069337;-0.334421","0.192866;0.224054;0.23354","0.000002;-0.069337;-0.05044","0.000002;0.224054;-0.05044","0.335342","0"
"nova_frame_body14_trb","Frame","Assets/Prefabs/Features/Garage/AssemblyModels/Generated/Frame/nova_frame_body14_trb.prefab","0;0;0","0.000174;0.076916;0.001744","-0.229901;-0.036368;-0.343186","0.230248;0.1902;0.346673","0.000174;-0.036368;0.001744","0.000174;0.1902;0.001744","0.335342","0"
"nova_frame_body15_znr","Frame","Assets/Prefabs/Features/Garage/AssemblyModels/Generated/Frame/nova_frame_body15_znr.prefab","0;0;0","0;0.087442;-0.057798","-0.137535;-0.020437;-0.376904","0.137535;0.195322;0.261309","0;-0.020437;-0.057798","0;0.195322;-0.057798","0.335342","0"
"nova_frame_body16_kmdo","Frame","Assets/Prefabs/Features/Garage/AssemblyModels/Generated/Frame/nova_frame_body16_kmdo.prefab","0;0;0","-0.000408;0.11251;-0.069514","-0.167324;0.000008;-0.388181","0.166508;0.225012;0.249153","-0.000408;0.000008;-0.069514","-0.000408;0.225012;-0.069514","0.335342","0"
"nova_frame_body17_rzmt","Frame","Assets/Prefabs/Features/Garage/AssemblyModels/Generated/Frame/nova_frame_body17_rzmt.prefab","0;0;0","0;0.075064;0.021149","-0.048085;-0.007861;-0.119074","0.048085;0.157989;0.161371","0;-0.007861;0.021149","0;0.157989;0.021149","0.335342","0"
"nova_frame_body18_brgod","Frame","Assets/Prefabs/Features/Garage/AssemblyModels/Generated/Frame/nova_frame_body18_brgod.prefab","0;0;0","-0.000014;0.077834;-0.008902","-0.039906;-0.012995;-0.181402","0.039878;0.168663;0.163597","-0.000014;-0.012995;-0.008902","-0.000014;0.168663;-0.008902","0.335342","0"
"nova_frame_body19_spd","Frame","Assets/Prefabs/Features/Garage/AssemblyModels/Generated/Frame/nova_frame_body19_spd.prefab","0;0;0","-0.003309;0.052249;-0.081581","-0.146124;-0.069228;-0.35504","0.139506;0.173726;0.191877","-0.003309;-0.069228;-0.081581","-0.003309;0.173726;-0.081581","0.335342","0"
"nova_frame_body2_prt","Frame","Assets/Prefabs/Features/Garage/AssemblyModels/Generated/Frame/nova_frame_body2_prt.prefab","0;0;0","0;0.080076;-0.029661","-0.072546;-0.01117;-0.226818","0.072546;0.171322;0.167496","0;-0.01117;-0.029661","0;0.171322;-0.029661","0.335342","0"
"nova_frame_body20_prsd","Frame","Assets/Prefabs/Features/Garage/AssemblyModels/Generated/Frame/nova_frame_body20_prsd.prefab","0;0;0","0;0.111212;0.014635","-0.163298;-0.033799;-0.27251","0.163298;0.256224;0.30178","0;-0.033799;0.014635","0;0.256224;0.014635","0.335342","0"
"nova_frame_body21_rzo","Frame","Assets/Prefabs/Features/Garage/AssemblyModels/Generated/Frame/nova_frame_body21_rzo.prefab","0;0;0","0.000013;0.056441;-0.017648","-0.039462;-0.061432;-0.218793","0.039488;0.174314;0.183496","0.000013;-0.061432;-0.017648","0.000013;0.174314;-0.017648","0.335342","0"
"nova_frame_body22_kdd","Frame","Assets/Prefabs/Features/Garage/AssemblyModels/Generated/Frame/nova_frame_body22_kdd.prefab","0;0;0","0.004331;0.086835;-0.153456","-0.254054;-0.043925;-0.453234","0.262716;0.217596;0.146321","0.004331;-0.043925;-0.153456","0.004331;0.217596;-0.153456","0.335342","0"
"nova_frame_body23_ms","Frame","Assets/Prefabs/Features/Garage/AssemblyModels/Generated/Frame/nova_frame_body23_ms.prefab","0;0;0","0;0.093394;0.048075","-0.261957;-0.00101;-0.269905","0.261957;0.187798;0.366054","0;-0.00101;0.048075","0;0.187798;0.048075","0.335342","0"
"nova_frame_body24_grbs","Frame","Assets/Prefabs/Features/Garage/AssemblyModels/Generated/Frame/nova_frame_body24_grbs.prefab","0;0;0","-0.000016;0.073449;0.058539","-0.263315;-0.037322;-0.230921","0.263282;0.18422;0.347999","-0.000016;-0.037322;0.058539","-0.000016;0.18422;0.058539","0.335342","0"
"nova_frame_body25_bosro","Frame","Assets/Prefabs/Features/Garage/AssemblyModels/Generated/Frame/nova_frame_body25_bosro.prefab","0;0;0","0;0.126745;-0.018614","-0.159644;0.000004;-0.328674","0.159644;0.253486;0.291446","0;0.000004;-0.018614","0;0.253486;-0.018614","0.335342","0"
"nova_frame_body26_kp","Frame","Assets/Prefabs/Features/Garage/AssemblyModels/Generated/Frame/nova_frame_body26_kp.prefab","0;0;0","0;0.084745;-0.002259","-0.040438;-0.017651;-0.20495","0.040438;0.187141;0.200432","0;-0.017651;-0.002259","0;0.187141;-0.002259","0.335342","0"
"nova_frame_body27_zns","Frame","Assets/Prefabs/Features/Garage/AssemblyModels/Generated/Frame/nova_frame_body27_zns.prefab","0;0;0","0;0.094327;0.049171","-0.27773;-0.045413;-0.308211","0.27773;0.234068;0.406553","0;-0.045413;0.049171","0;0.234068;0.049171","0.335342","0"
"nova_frame_body28_kp2","Frame","Assets/Prefabs/Features/Garage/AssemblyModels/Generated/Frame/nova_frame_body28_kp2.prefab","0;0;0","0.000008;0.075639;-0.009613","-0.038114;-0.017636;-0.210759","0.03813;0.168915;0.191533","0.000008;-0.017636;-0.009613","0.000008;0.168915;-0.009613","0.335342","0"
"nova_frame_body3_bgd","Frame","Assets/Prefabs/Features/Garage/AssemblyModels/Generated/Frame/nova_frame_body3_bgd.prefab","0;0;0","0;0.109301;-0.035296","-0.152623;0.000001;-0.349469","0.152623;0.218602;0.278876","0;0.000001;-0.035296","0;0.218602;-0.035296","0.335342","0"
"nova_frame_body32_brps","Frame","Assets/Prefabs/Features/Garage/AssemblyModels/Generated/Frame/nova_frame_body32_brps.prefab","0;0;0","-0.000008;0.122786;0.06933","-0.292087;-0.042327;-0.282313","0.292072;0.287898;0.420973","-0.000008;-0.042327;0.06933","-0.000008;0.287898;0.06933","0.335342","0"
"nova_frame_body35_trbn","Frame","Assets/Prefabs/Features/Garage/AssemblyModels/Generated/Frame/nova_frame_body35_trbn.prefab","0;0;0","0.000007;0.120366;0.026977","-0.251308;-0.000349;-0.338077","0.251322;0.241082;0.392032","0.000007;-0.000349;0.026977","0.000007;0.241082;0.026977","0.335342","0"
"nova_frame_body36_rzn","Frame","Assets/Prefabs/Features/Garage/AssemblyModels/Generated/Frame/nova_frame_body36_rzn.prefab","0;0;0","0;0.085396;0.011342","-0.041579;0.000297;-0.207041","0.041579;0.170495;0.229725","0;0.000297;0.011342","0;0.170495;0.011342","0.335342","0"
"nova_frame_body37_ktn","Frame","Assets/Prefabs/Features/Garage/AssemblyModels/Generated/Frame/nova_frame_body37_ktn.prefab","0;0;0","0;0.103083;0.011846","-0.139469;-0.000208;-0.264711","0.139469;0.206373;0.288402","0;-0.000208;0.011846","0;0.206373;0.011846","0.335342","0"
"nova_frame_body38_qrso","Frame","Assets/Prefabs/Features/Garage/AssemblyModels/Generated/Frame/nova_frame_body38_qrso.prefab","0;0;0","-0.000163;0.080634;0.02815","-0.056872;0.00001;-0.146884","0.056545;0.161257;0.203183","-0.000163;0.00001;0.02815","-0.000163;0.161257;0.02815","0.335342","0"
"nova_frame_body4_kpr","Frame","Assets/Prefabs/Features/Garage/AssemblyModels/Generated/Frame/nova_frame_body4_kpr.prefab","0;0;0","0.000174;0.073805;-0.043158","-0.114246;-0.024624;-0.310199","0.114593;0.172234;0.223883","0.000174;-0.024624;-0.043158","0.000174;0.172234;-0.043158","0.335342","0"
"nova_frame_body5_skms","Frame","Assets/Prefabs/Features/Garage/AssemblyModels/Generated/Frame/nova_frame_body5_skms.prefab","0;0;0","-0.00016;0.141841;-0.103054","-0.145544;-0.000011;-0.354072","0.145225;0.283694;0.147963","-0.00016;-0.000011;-0.103054","-0.00016;0.283694;-0.103054","0.335342","0"
"nova_frame_body6_skd","Frame","Assets/Prefabs/Features/Garage/AssemblyModels/Generated/Frame/nova_frame_body6_skd.prefab","0;0;0","-0.000148;0.093714;0.04318","-0.036812;0.020749;-0.109043","0.036515;0.16668;0.195403","-0.000148;0.020749;0.04318","-0.000148;0.16668;0.04318","0.335342","0"
"nova_frame_body7_mops","Frame","Assets/Prefabs/Features/Garage/AssemblyModels/Generated/Frame/nova_frame_body7_mops.prefab","0;0;0","0.000922;0.067476;-0.054807","-0.208492;-0.037922;-0.329067","0.210336;0.172875;0.219452","0.000922;-0.037922;-0.054807","0.000922;0.172875;-0.054807","0.335342","0"
"nova_frame_body8_brc","Frame","Assets/Prefabs/Features/Garage/AssemblyModels/Generated/Frame/nova_frame_body8_brc.prefab","0;0;0","0.000386;0.073027;-0.036496","-0.186396;-0.053571;-0.319253","0.187168;0.199625;0.246262","0.000386;-0.053571;-0.036496","0.000386;0.199625;-0.036496","0.335342","0"
"nova_frame_body9_btro","Frame","Assets/Prefabs/Features/Garage/AssemblyModels/Generated/Frame/nova_frame_body9_btro.prefab","0;0;0","0;0.080532;-0.003482","-0.041906;0.00097;-0.16968","0.041906;0.160094;0.162717","0;0.00097;-0.003482","0;0.160094;-0.003482","0.335342","0"
"nova_frame_n_body39_brgod","Frame","Assets/Prefabs/Features/Garage/AssemblyModels/Generated/Frame/nova_frame_n_body39_brgod.prefab","0;0;0","0.004538;0.077465;-0.008937","-0.036743;-0.013732;-0.182272","0.045818;0.168663;0.164399","0.004538;-0.013732;-0.008937","0.004538;0.168663;-0.008937","0.335342","0"
"nova_frame_n_body40_zns","Frame","Assets/Prefabs/Features/Garage/AssemblyModels/Generated/Frame/nova_frame_n_body40_zns.prefab","0;0;0","-0.000336;0.09286;0.053888","-0.280191;-0.051287;-0.303663","0.279519;0.237007;0.411438","-0.000336;-0.051287;0.053888","-0.000336;0.237007;0.053888","0.335342","0"
"nova_frame_n_body41_kmdo","Frame","Assets/Prefabs/Features/Garage/AssemblyModels/Generated/Frame/nova_frame_n_body41_kmdo.prefab","0;0;0","-0.000372;0.11251;-0.069862","-0.178674;0.000008;-0.391782","0.177929;0.225012;0.252058","-0.000372;0.000008;-0.069862","-0.000372;0.225012;-0.069862","0.335342","0"
"nova_frame_n_body42_kdd","Frame","Assets/Prefabs/Features/Garage/AssemblyModels/Generated/Frame/nova_frame_n_body42_kdd.prefab","0;0;0","0.010519;0.086835;-0.145366","-0.247269;-0.043925;-0.458297","0.268308;0.217596;0.167565","0.010519;-0.043925;-0.145366","0.010519;0.217596;-0.145366","0.335342","0"
"nova_frame_n_body43_prt","Frame","Assets/Prefabs/Features/Garage/AssemblyModels/Generated/Frame/nova_frame_n_body43_prt.prefab","0;0;0","0.000681;0.078812;-0.027837","-0.071806;-0.01432;-0.224669","0.073167;0.171945;0.168994","0.000681;-0.01432;-0.027837","0.000681;0.171945;-0.027837","0.335342","0"
"nova_frame_n_body44_brps","Frame","Assets/Prefabs/Features/Garage/AssemblyModels/Generated/Frame/nova_frame_n_body44_brps.prefab","0;0;0","0.002217;0.121906;0.073299","-0.292034;-0.048768;-0.278551","0.296469;0.292581;0.425149","0.002217;-0.048768;0.073299","0.002217;0.292581;0.073299","0.335342","0"
"nova_frame_n_body47_kp","Frame","Assets/Prefabs/Features/Garage/AssemblyModels/Generated/Frame/nova_frame_n_body47_kp.prefab","0;0;0","-0.003717;0.079298;-0.00051","-0.067651;-0.03448;-0.196438","0.060216;0.193076;0.195419","-0.003717;-0.03448;-0.00051","-0.003717;0.193076;-0.00051","0.335342","0"
"nova_frame_n_body48_grbs","Frame","Assets/Prefabs/Features/Garage/AssemblyModels/Generated/Frame/nova_frame_n_body48_grbs.prefab","0;0;0","-0.000016;0.073449;0.058539","-0.263315;-0.037322;-0.230921","0.263282;0.18422;0.347999","-0.000016;-0.037322;0.058539","-0.000016;0.18422;0.058539","0.335342","0"
"nova_frame_n_body49_rzmt","Frame","Assets/Prefabs/Features/Garage/AssemblyModels/Generated/Frame/nova_frame_n_body49_rzmt.prefab","0;0;0","-0.006964;0.070772;0.0227","-0.057045;-0.011763;-0.119458","0.043117;0.153307;0.164857","-0.006964;-0.011763;0.0227","-0.006964;0.153307;0.0227","0.335342","0"
"nova_frame_n_body50_bgd","Frame","Assets/Prefabs/Features/Garage/AssemblyModels/Generated/Frame/nova_frame_n_body50_bgd.prefab","0;0;0","0;0.109301;-0.035296","-0.152623;0.000001;-0.349469","0.152623;0.218602;0.278876","0;0.000001;-0.035296","0;0.218602;-0.035296","0.335342","0"
"nova_mob_g_legs37_sts","Mobility","Assets/Prefabs/Features/Garage/AssemblyModels/Generated/Mobility/nova_mob_g_legs37_sts.prefab","0;0;0","0.00239;0.308832;-0.232207","-0.231694;0.001029;-0.662742","0.236475;0.616634;0.198328","0.00239;0.001029;-0.232207","0.00239;0.616634;-0.232207","0.335342","0"
"nova_mob_g_legs57_ppo","Mobility","Assets/Prefabs/Features/Garage/AssemblyModels/Generated/Mobility/nova_mob_g_legs57_ppo.prefab","0;0;0","-0.058889;0.650737;-0.033004","-0.334862;0.292717;-0.53893","0.217085;1.008758;0.472922","-0.058889;0.292717;-0.033004","-0.058889;1.008758;-0.033004","0.335342","0"
"nova_mob_g_legs58_pps","Mobility","Assets/Prefabs/Features/Garage/AssemblyModels/Generated/Mobility/nova_mob_g_legs58_pps.prefab","0;0;0","-0.001172;0.29529;0.009739","-0.301526;0.004358;-0.481557","0.299182;0.586222;0.501035","-0.001172;0.004358;0.009739","-0.001172;0.586222;0.009739","0.335342","0"
"nova_mob_g_legs59_hb","Mobility","Assets/Prefabs/Features/Garage/AssemblyModels/Generated/Mobility/nova_mob_g_legs59_hb.prefab","0;0;0","0.001392;0.220487;0.076852","-0.348447;0.005269;-0.371019","0.351231;0.435706;0.524724","0.001392;0.005269;0.076852","0.001392;0.435706;0.076852","0.335342","0"
"nova_mob_g_legs60_hord","Mobility","Assets/Prefabs/Features/Garage/AssemblyModels/Generated/Mobility/nova_mob_g_legs60_hord.prefab","0;0;0","-0.000136;0.265238;-0.091726","-0.21551;0;-0.389144","0.215239;0.530477;0.205692","-0.000136;0;-0.091726","-0.000136;0.530477;-0.091726","0.335342","0"
"nova_mob_legs1_rdrn","Mobility","Assets/Prefabs/Features/Garage/AssemblyModels/Generated/Mobility/nova_mob_legs1_rdrn.prefab","0;0;0","0.000488;0.216656;0.048694","-0.198152;0.000011;-0.257993","0.199128;0.433302;0.355381","0.000488;0.000011;0.048694","0.000488;0.433302;0.048694","0.335342","0"
"nova_mob_legs10_prg","Mobility","Assets/Prefabs/Features/Garage/AssemblyModels/Generated/Mobility/nova_mob_legs10_prg.prefab","0;0;0","-0.00232;0.13407;-0.106153","-0.455679;0.000317;-0.566247","0.45104;0.267823;0.353942","-0.00232;0.000317;-0.106153","-0.00232;0.267823;-0.106153","0.335342","0"
"nova_mob_legs11_strod","Mobility","Assets/Prefabs/Features/Garage/AssemblyModels/Generated/Mobility/nova_mob_legs11_strod.prefab","0;0;0","-0.000177;0.25846;0.003014","-0.18557;0.000533;-0.137924","0.185215;0.516386;0.143952","-0.000177;0.000533;0.003014","-0.000177;0.516386;0.003014","0.335342","0"
"nova_mob_legs12_kb","Mobility","Assets/Prefabs/Features/Garage/AssemblyModels/Generated/Mobility/nova_mob_legs12_kb.prefab","0;0;0","-0.000005;-0.004896;-0.030146","-0.331326;-0.207444;-0.406714","0.331316;0.197652;0.346423","-0.000005;-0.207444;-0.030146","-0.000005;0.197652;-0.030146","0.335342","0"
"nova_mob_legs13_krz","Mobility","Assets/Prefabs/Features/Garage/AssemblyModels/Generated/Mobility/nova_mob_legs13_krz.prefab","0;0;0","-0.000001;0.352071;-0.070972","-0.36908;0.053147;-0.480767","0.369079;0.650994;0.338823","-0.000001;0.053147;-0.070972","-0.000001;0.650994;-0.070972","0.335342","0"
"nova_mob_legs14_grp","Mobility","Assets/Prefabs/Features/Garage/AssemblyModels/Generated/Mobility/nova_mob_legs14_grp.prefab","0;0;0","-0.001274;0.234782;-0.011359","-0.390233;-0.000378;-0.3894","0.387685;0.469941;0.366683","-0.001274;-0.000378;-0.011359","-0.001274;0.469941;-0.011359","0.335342","0"
"nova_mob_legs15_krr","Mobility","Assets/Prefabs/Features/Garage/AssemblyModels/Generated/Mobility/nova_mob_legs15_krr.prefab","0;0;0","0;0.233274;0.128133","-0.305327;0.004736;-0.251837","0.305327;0.461812;0.508103","0;0.004736;0.128133","0;0.461812;0.128133","0.335342","0"
"nova_mob_legs16_sprt","Mobility","Assets/Prefabs/Features/Garage/AssemblyModels/Generated/Mobility/nova_mob_legs16_sprt.prefab","0;0;0","0;0.232273;-0.032401","-0.222716;-0.009233;-0.323986","0.222716;0.47378;0.259184","0;-0.009233;-0.032401","0;0.47378;-0.032401","0.335342","0"
"nova_mob_legs17_oprd","Mobility","Assets/Prefabs/Features/Garage/AssemblyModels/Generated/Mobility/nova_mob_legs17_oprd.prefab","0;0;0","0.001115;0.236918;-0.077996","-0.362827;-0.00081;-0.498976","0.365056;0.474647;0.342983","0.001115;-0.00081;-0.077996","0.001115;0.474647;-0.077996","0.335342","0"
"nova_mob_legs18_hord","Mobility","Assets/Prefabs/Features/Garage/AssemblyModels/Generated/Mobility/nova_mob_legs18_hord.prefab","0;0;0","-0.000136;0.265238;-0.091726","-0.21551;0;-0.389144","0.215239;0.530477;0.205692","-0.000136;0;-0.091726","-0.000136;0.530477;-0.091726","0.335342","0"
"nova_mob_legs2_tdr","Mobility","Assets/Prefabs/Features/Garage/AssemblyModels/Generated/Mobility/nova_mob_legs2_tdr.prefab","0;0;0","0.000012;0.232616;0.021409","-0.154842;0.000714;-0.109112","0.154867;0.464517;0.151931","0.000012;0.000714;0.021409","0.000012;0.464517;0.021409","0.335342","0"
"nova_mob_legs20_spod","Mobility","Assets/Prefabs/Features/Garage/AssemblyModels/Generated/Mobility/nova_mob_legs20_spod.prefab","0;0;0","-0.000021;0.058908;0.02499","-0.584549;-0.5125;-0.352","0.584507;0.630316;0.40198","-0.000021;-0.5125;0.02499","-0.000021;0.630316;0.02499","0.335342","0"
"nova_mob_legs21_ksor","Mobility","Assets/Prefabs/Features/Garage/AssemblyModels/Generated/Mobility/nova_mob_legs21_ksor.prefab","0;0;0","0;0.252117;-0.172304","-0.260021;-0.002986;-0.555494","0.260021;0.50722;0.210886","0;-0.002986;-0.172304","0;0.50722;-0.172304","0.335342","0"
"nova_mob_legs23_tk","Mobility","Assets/Prefabs/Features/Garage/AssemblyModels/Generated/Mobility/nova_mob_legs23_tk.prefab","0;0;0","0;0.308841;0.03507","-0.454945;-0.009175;-0.577369","0.454945;0.626856;0.647508","0;-0.009175;0.03507","0;0.626856;0.03507","0.335342","0"
"nova_mob_legs24_sts","Mobility","Assets/Prefabs/Features/Garage/AssemblyModels/Generated/Mobility/nova_mob_legs24_sts.prefab","0;0;0","0.00239;0.308832;-0.232207","-0.231694;0.001029;-0.662742","0.236475;0.616634;0.198328","0.00239;0.001029;-0.232207","0.00239;0.616634;-0.232207","0.335342","0"
"nova_mob_legs25_kd","Mobility","Assets/Prefabs/Features/Garage/AssemblyModels/Generated/Mobility/nova_mob_legs25_kd.prefab","0;0;0","-0.002389;0.149664;0.066245","-0.25513;-0.011428;-0.44557","0.250352;0.310757;0.578059","-0.002389;-0.011428;0.066245","-0.002389;0.310757;0.066245","0.335342","0"
"nova_mob_legs3_ktpr","Mobility","Assets/Prefabs/Features/Garage/AssemblyModels/Generated/Mobility/nova_mob_legs3_ktpr.prefab","0;0;0","-0.000084;0.232944;-0.039307","-0.201083;-0.045624;-0.43077","0.200914;0.511513;0.352156","-0.000084;-0.045624;-0.039307","-0.000084;0.511513;-0.039307","0.335342","0"
"nova_mob_legs34_dpns","Mobility","Assets/Prefabs/Features/Garage/AssemblyModels/Generated/Mobility/nova_mob_legs34_dpns.prefab","0;0;0","0.008788;0.149224;-0.023714","-0.377388;-0.102131;-0.495407","0.394964;0.400579;0.447979","0.008788;-0.102131;-0.023714","0.008788;0.400579;-0.023714","0.335342","0"
"nova_mob_legs4_kt","Mobility","Assets/Prefabs/Features/Garage/AssemblyModels/Generated/Mobility/nova_mob_legs4_kt.prefab","0;0;0","-0.00082;0.212315;0.01514","-0.372974;0.004793;-0.29995","0.371334;0.419836;0.33023","-0.00082;0.004793;0.01514","-0.00082;0.419836;0.01514","0.335342","0"
"nova_mob_legs49_otrs","Mobility","Assets/Prefabs/Features/Garage/AssemblyModels/Generated/Mobility/nova_mob_legs49_otrs.prefab","0;0;0","-0.173445;-0.112473;-0.136485","-0.461642;-0.445716;-0.606461","0.114751;0.22077;0.333492","-0.173445;-0.445716;-0.136485","-0.173445;0.22077;-0.136485","0.335342","0"
"nova_mob_legs5_ko","Mobility","Assets/Prefabs/Features/Garage/AssemblyModels/Generated/Mobility/nova_mob_legs5_ko.prefab","0;0;0","0;0.208585;-0.150149","-0.228367;0.001827;-0.488731","0.228367;0.415342;0.188433","0;0.001827;-0.150149","0;0.415342;-0.150149","0.335342","0"
"nova_mob_legs50_pps","Mobility","Assets/Prefabs/Features/Garage/AssemblyModels/Generated/Mobility/nova_mob_legs50_pps.prefab","0;0;0","-0.001172;0.29529;0.009739","-0.301526;0.004358;-0.481557","0.299182;0.586222;0.501035","-0.001172;0.004358;0.009739","-0.001172;0.586222;0.009739","0.335342","0"
"nova_mob_legs51_ppo","Mobility","Assets/Prefabs/Features/Garage/AssemblyModels/Generated/Mobility/nova_mob_legs51_ppo.prefab","0;0;0","-0.058889;0.650737;-0.033004","-0.334862;0.292717;-0.53893","0.217085;1.008758;0.472922","-0.058889;0.292717;-0.033004","-0.058889;1.008758;-0.033004","0.335342","0"
"nova_mob_legs52_pkk","Mobility","Assets/Prefabs/Features/Garage/AssemblyModels/Generated/Mobility/nova_mob_legs52_pkk.prefab","0;0;0","0.001115;0.287433;0.018491","-0.210373;-0.000669;-0.472195","0.212603;0.575535;0.509177","0.001115;-0.000669;0.018491","0.001115;0.575535;0.018491","0.335342","0"
"nova_mob_legs53_rgd","Mobility","Assets/Prefabs/Features/Garage/AssemblyModels/Generated/Mobility/nova_mob_legs53_rgd.prefab","0;0;0","0;0.171322;-0.036968","-0.413293;-0.000781;-0.424684","0.413293;0.343424;0.350748","0;-0.000781;-0.036968","0;0.343424;-0.036968","0.335342","0"
"nova_mob_legs6_ok","Mobility","Assets/Prefabs/Features/Garage/AssemblyModels/Generated/Mobility/nova_mob_legs6_ok.prefab","0;0;0","-0.003206;0.247031;0.040182","-0.171665;0.000709;-0.085219","0.165254;0.493353;0.165582","-0.003206;0.000709;0.040182","-0.003206;0.493353;0.040182","0.335342","0"
"nova_mob_legs7_hb","Mobility","Assets/Prefabs/Features/Garage/AssemblyModels/Generated/Mobility/nova_mob_legs7_hb.prefab","0;0;0","0.001392;0.220487;0.076852","-0.348447;0.005269;-0.371019","0.351231;0.435706;0.524724","0.001392;0.005269;0.076852","0.001392;0.435706;0.076852","0.335342","0"
"nova_mob_legs8_obr","Mobility","Assets/Prefabs/Features/Garage/AssemblyModels/Generated/Mobility/nova_mob_legs8_obr.prefab","0;0;0","0.002951;0.201524;-0.001965","-0.359393;0.00532;-0.401711","0.365294;0.397729;0.397781","0.002951;0.00532;-0.001965","0.002951;0.397729;-0.001965","0.335342","0"
"nova_mob_legs9_ptr","Mobility","Assets/Prefabs/Features/Garage/AssemblyModels/Generated/Mobility/nova_mob_legs9_ptr.prefab","0;0;0","-0.000677;0.061552;-0.100034","-0.360817;-0.026642;-0.464421","0.359462;0.149746;0.264352","-0.000677;-0.026642;-0.100034","-0.000677;0.149746;-0.100034","0.335342","0"
"nova_mob_n_legs38_grp","Mobility","Assets/Prefabs/Features/Garage/AssemblyModels/Generated/Mobility/nova_mob_n_legs38_grp.prefab","0;0;0","0.006729;0.230369;-0.013123","-0.442299;-0.009203;-0.427745","0.455757;0.469941;0.401499","0.006729;-0.009203;-0.013123","0.006729;0.469941;-0.013123","0.335342","0"
"nova_mob_n_legs39_wk","Mobility","Assets/Prefabs/Features/Garage/AssemblyModels/Generated/Mobility/nova_mob_n_legs39_wk.prefab","0;0;0","-0.003206;0.247031;0.040182","-0.171665;0.000709;-0.085219","0.165254;0.493353;0.165582","-0.003206;0.000709;0.040182","-0.003206;0.493353;0.040182","0.335342","0"
"nova_mob_n_legs40_krz","Mobility","Assets/Prefabs/Features/Garage/AssemblyModels/Generated/Mobility/nova_mob_n_legs40_krz.prefab","0;0;0","0.002438;0.368652;-0.200547","-0.366636;0.046131;-0.732612","0.371513;0.691174;0.331519","0.002438;0.046131;-0.200547","0.002438;0.691174;-0.200547","0.335342","0"
"nova_mob_n_legs41_tdr","Mobility","Assets/Prefabs/Features/Garage/AssemblyModels/Generated/Mobility/nova_mob_n_legs41_tdr.prefab","0;0;0","0.000012;0.229277;0.032537","-0.154842;-0.004205;-0.090373","0.154867;0.46276;0.155447","0.000012;-0.004205;0.032537","0.000012;0.46276;0.032537","0.335342","0"
"nova_mob_n_legs42_krr","Mobility","Assets/Prefabs/Features/Garage/AssemblyModels/Generated/Mobility/nova_mob_n_legs42_krr.prefab","0;0;0","-0.000376;0.233462;0.12873","-0.306321;0.004631;-0.251837","0.30557;0.462292;0.509297","-0.000376;0.004631;0.12873","-0.000376;0.462292;0.12873","0.335342","0"
"nova_mob_n_legs44_hord","Mobility","Assets/Prefabs/Features/Garage/AssemblyModels/Generated/Mobility/nova_mob_n_legs44_hord.prefab","0;0;0","0.032641;0.24367;-0.025447","-0.191526;-0.015253;-0.383676","0.256809;0.502592;0.332782","0.032641;-0.015253;-0.025447","0.032641;0.502592;-0.025447","0.335342","0"
"nova_mob_n_legs45_strod","Mobility","Assets/Prefabs/Features/Garage/AssemblyModels/Generated/Mobility/nova_mob_n_legs45_strod.prefab","0;0;0","-0.000177;0.25846;0.003014","-0.18557;0.000533;-0.137924","0.185215;0.516386;0.143952","-0.000177;0.000533;0.003014","-0.000177;0.516386;0.003014","0.335342","0"
"nova_mob_n_legs46_sprt","Mobility","Assets/Prefabs/Features/Garage/AssemblyModels/Generated/Mobility/nova_mob_n_legs46_sprt.prefab","0;0;0","0.000387;0.237258;-0.02261","-0.221812;-0.000362;-0.306239","0.222585;0.474878;0.261019","0.000387;-0.000362;-0.02261","0.000387;0.474878;-0.02261","0.335342","0"
"nova_mob_s_legs27_ksor","Mobility","Assets/Prefabs/Features/Garage/AssemblyModels/Generated/Mobility/nova_mob_s_legs27_ksor.prefab","0;0;0","0;0.252117;-0.172304","-0.260021;-0.002986;-0.555494","0.260021;0.50722;0.210886","0;-0.002986;-0.172304","0;0.50722;-0.172304","0.335342","0"
"nova_mob_s_legs28_krz","Mobility","Assets/Prefabs/Features/Garage/AssemblyModels/Generated/Mobility/nova_mob_s_legs28_krz.prefab","0;0;0","-0.000001;0.352071;-0.070972","-0.36908;0.053147;-0.480767","0.369079;0.650994;0.338823","-0.000001;0.053147;-0.070972","-0.000001;0.650994;-0.070972","0.335342","0"
"nova_mob_s_legs29_sprt","Mobility","Assets/Prefabs/Features/Garage/AssemblyModels/Generated/Mobility/nova_mob_s_legs29_sprt.prefab","0;0;0","0;0.232273;-0.032401","-0.222716;-0.009233;-0.323986","0.222716;0.47378;0.259184","0;-0.009233;-0.032401","0;0.47378;-0.032401","0.335342","0"
"nova_mob_s_legs30_tk","Mobility","Assets/Prefabs/Features/Garage/AssemblyModels/Generated/Mobility/nova_mob_s_legs30_tk.prefab","0;0;0","0;0.308841;0.03507","-0.454945;-0.009175;-0.577369","0.454945;0.626856;0.647508","0;-0.009175;0.03507","0;0.626856;0.03507","0.335342","0"
"nova_mob_s_legs31_ko","Mobility","Assets/Prefabs/Features/Garage/AssemblyModels/Generated/Mobility/nova_mob_s_legs31_ko.prefab","0;0;0","0;0.208585;-0.150149","-0.228367;0.001827;-0.488731","0.228367;0.415342;0.188433","0;0.001827;-0.150149","0;0.415342;-0.150149","0.335342","0"
"nova_mob_s_legs32_kb","Mobility","Assets/Prefabs/Features/Garage/AssemblyModels/Generated/Mobility/nova_mob_s_legs32_kb.prefab","0;0;0","-0.000005;-0.004896;-0.030146","-0.331326;-0.207444;-0.406714","0.331316;0.197652;0.346423","-0.000005;-0.207444;-0.030146","-0.000005;0.197652;-0.030146","0.335342","0"
"nova_mob_s_legs33_spod","Mobility","Assets/Prefabs/Features/Garage/AssemblyModels/Generated/Mobility/nova_mob_s_legs33_spod.prefab","0;0;0","-0.000021;0.058908;0.02499","-0.584549;-0.5125;-0.352","0.584507;0.630316;0.40198","-0.000021;-0.5125;0.02499","-0.000021;0.630316;0.02499","0.335342","0"
